concentration,trial,lane_first_gap,lane_first_autofill,balance_first_gap,balance_first_autofill
0.0,0,0.0,0,0.0,0
0.0,1,0.0,0,0.0,0
0.0,2,2.8,0,0.4,0
0.0,3,8.6,0,3.4,1
0.0,4,0.6,0,0.2,0
0.0,5,2.8,0,0.8,1
0.0,6,1.0,0,0.2,0
0.0,7,0.2,0,0.2,0
0.0,8,1.2,0,0.4,0
0.0,9,1.2,0,0.4,0
0.0,10,3.0,0,0.2,1
0.0,11,3.2,0,0.0,0
0.0,12,1.0,0,0.2,1
0.0,13,1.6,0,0.0,1
0.0,14,0.4,0,0.4,0
0.0,15,3.6,0,0.0,1
0.0,16,3.8,0,0.2,0
0.0,17,1.4,0,0.6,0
0.0,18,1.2,0,0.8,1
0.0,19,2.8,0,0.8,0
0.0,20,2.4,0,0.0,1
0.0,21,6.4,0,0.0,0
0.0,22,0.2,0,0.2,0
0.0,23,0.6,0,0.2,1
0.0,24,0.8,0,0.8,0
0.0,25,2.0,0,0.0,1
0.0,26,7.8,0,1.0,1
0.0,27,0.6,0,0.2,1
0.0,28,1.4,0,0.2,1
0.0,29,11.4,0,0.2,1
0.0,30,1.6,0,0.0,0
0.0,31,0.8,0,0.0,0
0.0,32,1.2,0,0.4,1
0.0,33,2.8,0,0.4,1
0.0,34,7.0,0,0.6,0
0.0,35,0.2,0,0.2,1
0.0,36,0.6,0,0.2,0
0.0,37,5.2,0,0.8,1
0.0,38,1.6,0,0.0,0
0.0,39,5.0,0,0.2,1
0.0,40,1.6,0,0.0,0
0.0,41,2.6,0,0.2,1
0.0,42,1.0,0,0.2,2
0.0,43,1.8,0,0.2,1
0.0,44,0.2,0,0.2,0
0.0,45,0.8,0,0.4,1
0.0,46,8.4,0,0.0,2
0.0,47,3.4,0,0.2,0
0.0,48,0.4,0,0.4,0
0.0,49,0.6,0,0.6,0
0.0,50,2.2,0,0.2,0
0.0,51,4.0,0,0.0,2
0.0,52,0.4,0,0.0,1
0.0,53,2.4,0,0.4,2
0.0,54,0.6,0,0.2,1
0.0,55,1.6,0,0.0,0
0.0,56,1.8,0,0.6,0
0.0,57,6.8,0,0.0,2
0.0,58,0.8,0,0.4,2
0.0,59,0.2,0,0.2,0
0.0,60,0.6,0,0.2,1
0.0,61,1.8,0,1.0,1
0.0,62,1.2,0,0.8,1
0.0,63,2.8,0,0.4,1
0.0,64,0.0,0,0.0,0
0.0,65,5.6,0,0.0,1
0.0,66,2.4,0,0.0,1
0.0,67,1.2,0,0.4,1
0.0,68,0.4,0,0.0,0
0.0,69,1.4,0,0.2,1
0.0,70,0.2,0,0.2,0
0.0,71,1.6,0,0.0,3
0.0,72,1.0,0,0.2,1
0.0,73,3.0,0,0.2,1
0.0,74,0.4,0,0.4,1
0.0,75,3.0,0,0.2,2
0.0,76,6.0,0,0.4,1
0.0,77,1.8,0,0.6,1
0.0,78,5.4,0,0.2,2
0.0,79,0.2,0,0.2,0
0.0,80,1.2,0,1.2,0
0.0,81,2.8,0,0.4,0
0.0,82,1.0,0,0.2,1
0.0,83,7.8,0,0.2,0
0.0,84,9.2,0,0.4,1
0.0,85,1.0,0,0.2,0
0.0,86,1.6,0,0.0,1
0.0,87,0.4,0,0.4,0
0.0,88,16.2,0,0.2,0
0.0,89,2.8,0,0.4,0
0.0,90,2.2,0,0.6,1
0.0,91,1.0,0,0.2,1
0.0,92,0.0,0,0.0,0
0.0,93,1.0,0,0.2,1
0.0,94,0.6,0,0.2,1
0.0,95,0.4,0,0.0,0
0.0,96,1.2,0,0.4,1
0.0,97,3.0,0,0.2,1
0.0,98,0.2,0,0.2,1
0.0,99,0.4,0,0.0,1
0.0,100,0.8,0,0.0,1
0.0,101,0.2,0,0.2,0
0.0,102,1.6,0,0.4,2
0.0,103,1.4,0,0.2,1
0.0,104,0.8,0,0.4,1
0.0,105,0.2,0,0.2,0
0.0,106,0.8,0,0.0,2
0.0,107,2.0,0,0.0,0
0.0,108,3.2,0,0.4,1
0.0,109,1.8,0,0.2,1
0.0,110,1.4,0,0.6,1
0.0,111,4.6,0,0.2,2
0.0,112,1.8,0,0.2,0
0.0,113,3.8,0,0.6,1
0.0,114,1.8,0,1.0,1
0.0,115,7.0,0,1.0,0
0.0,116,0.2,0,0.2,0
0.0,117,3.4,0,0.6,2
0.0,118,0.4,0,0.4,0
0.0,119,4.0,0,1.2,0
0.0,120,2.6,0,0.2,0
0.0,121,2.4,0,1.2,1
0.0,122,1.8,0,0.2,0
0.0,123,1.0,0,0.2,1
0.0,124,0.6,0,0.2,0
0.0,125,0.2,0,0.2,0
0.0,126,2.0,0,0.0,0
0.0,127,2.2,0,0.6,1
0.0,128,1.8,0,0.6,1
0.0,129,3.6,0,0.0,0
0.0,130,0.2,0,0.2,1
0.0,131,3.2,0,0.4,0
0.0,132,0.8,0,0.4,2
0.0,133,0.8,0,0.4,2
0.0,134,3.8,0,0.2,1
0.0,135,11.8,0,1.4,3
0.0,136,1.6,0,0.8,1
0.0,137,0.2,0,0.2,1
0.0,138,2.2,0,0.2,0
0.0,139,2.8,0,0.4,1
0.0,140,7.8,0,0.2,1
0.0,141,2.0,0,0.0,2
0.0,142,2.2,0,0.2,0
0.0,143,2.2,0,1.8,1
0.0,144,0.2,0,0.2,0
0.0,145,0.2,0,0.2,0
0.0,146,0.8,0,0.0,2
0.0,147,1.2,0,0.4,2
0.0,148,2.6,0,0.2,0
0.0,149,0.6,0,0.2,0
0.0,150,1.0,0,0.2,0
0.0,151,1.8,0,0.2,1
0.0,152,1.4,0,0.2,1
0.0,153,0.2,0,0.2,0
0.0,154,1.0,0,0.2,1
0.0,155,0.4,0,0.0,1
0.0,156,0.6,0,0.2,1
0.0,157,1.2,0,0.4,1
0.0,158,0.4,0,0.0,2
0.0,159,1.6,0,0.0,1
0.0,160,6.6,0,0.2,1
0.0,161,0.0,0,0.0,0
0.0,162,1.2,0,0.0,1
0.0,163,1.2,0,0.0,1
0.0,164,1.2,0,0.0,1
0.0,165,1.8,0,0.6,2
0.0,166,0.4,0,0.0,1
0.0,167,2.8,0,0.4,0
0.0,168,0.4,0,0.0,0
0.0,169,2.8,0,0.0,0
0.0,170,0.2,0,0.2,0
0.0,171,6.8,0,0.4,0
0.0,172,1.8,0,0.2,2
0.0,173,0.2,0,0.2,0
0.0,174,2.0,0,1.6,0
0.0,175,0.0,0,0.0,0
0.0,176,0.4,0,0.4,0
0.0,177,1.6,0,0.0,1
0.0,178,0.8,0,0.4,0
0.0,179,2.6,0,0.2,0
0.0,180,0.0,0,0.0,1
0.0,181,1.0,0,0.2,0
0.0,182,0.0,0,0.0,1
0.0,183,0.2,0,0.2,0
0.0,184,0.2,0,0.2,0
0.0,185,0.4,0,0.0,1
0.0,186,3.2,0,0.0,0
0.0,187,1.4,0,0.2,1
0.0,188,0.4,0,0.4,0
0.0,189,1.2,0,0.4,0
0.0,190,3.6,0,0.0,3
0.0,191,0.0,0,0.0,0
0.0,192,4.0,0,0.0,1
0.0,193,0.6,0,0.2,0
0.0,194,0.4,0,0.4,0
0.0,195,2.2,0,0.2,2
0.0,196,0.0,0,0.0,0
0.0,197,3.4,0,0.2,1
0.0,198,0.4,0,0.4,0
0.0,199,6.8,0,0.0,0
0.0,200,0.8,0,0.4,1
0.0,201,2.8,0,0.4,0
0.0,202,1.4,0,0.2,0
0.0,203,5.4,0,0.2,1
0.0,204,3.2,0,0.0,1
0.0,205,4.2,0,0.2,1
0.0,206,0.6,0,0.2,1
0.0,207,1.2,0,0.0,1
0.0,208,3.4,0,0.2,1
0.0,209,1.6,0,0.0,1
0.0,210,0.6,0,0.2,3
0.0,211,0.2,0,0.2,0
0.0,212,4.8,0,0.4,1
0.0,213,2.0,0,0.4,0
0.0,214,3.0,0,0.2,0
0.0,215,0.4,0,0.4,0
0.0,216,1.2,0,0.0,1
0.0,217,2.2,0,0.2,2
0.0,218,1.4,0,0.2,1
0.0,219,2.2,0,0.2,1
0.0,220,0.6,0,0.2,1
0.0,221,2.8,0,0.0,0
0.0,222,1.8,0,0.2,1
0.0,223,0.2,0,0.2,0
0.0,224,0.6,0,0.2,1
0.0,225,0.4,0,0.0,2
0.0,226,0.0,0,0.0,0
0.0,227,1.2,0,0.4,1
0.0,228,0.2,0,0.2,0
0.0,229,1.0,0,0.2,2
0.0,230,2.0,0,0.0,2
0.0,231,4.4,0,0.0,0
0.0,232,5.4,0,1.4,0
0.0,233,0.2,0,0.2,2
0.0,234,2.0,0,0.0,1
0.0,235,1.0,0,0.2,1
0.0,236,4.6,0,0.2,1
0.0,237,1.4,0,0.2,0
0.0,238,0.4,0,0.4,0
0.0,239,2.0,0,0.4,2
0.0,240,4.2,0,1.0,1
0.0,241,7.2,0,0.0,1
0.0,242,0.6,0,0.2,1
0.0,243,8.4,0,0.4,1
0.0,244,0.4,0,0.4,0
0.0,245,2.2,0,0.6,0
0.0,246,1.0,0,0.2,0
0.0,247,0.8,0,0.0,1
0.0,248,2.6,0,0.2,1
0.0,249,0.2,0,0.2,1
0.0,250,1.0,0,0.2,0
0.0,251,2.0,0,0.0,1
0.0,252,0.4,0,0.0,2
0.0,253,0.2,0,0.2,0
0.0,254,13.2,0,0.4,1
0.0,255,2.4,0,0.8,0
0.0,256,1.8,0,0.2,2
0.0,257,5.0,0,0.2,1
0.0,258,2.4,0,0.0,1
0.0,259,1.0,0,0.2,1
0.0,260,1.6,0,0.0,1
0.0,261,4.6,0,1.0,0
0.0,262,2.2,0,0.2,1
0.0,263,0.4,0,0.4,0
0.0,264,0.0,0,0.0,0
0.0,265,1.4,0,0.2,1
0.0,266,0.4,0,0.4,0
0.0,267,10.6,0,0.2,1
0.0,268,4.0,0,0.4,1
0.0,269,1.0,0,0.2,1
0.0,270,1.0,0,0.2,0
0.0,271,0.0,0,0.0,1
0.0,272,6.2,0,0.2,0
0.0,273,6.4,0,0.0,0
0.0,274,5.8,0,0.2,0
0.0,275,0.6,0,0.2,0
0.0,276,0.8,0,0.0,0
0.0,277,1.2,0,0.0,0
0.0,278,0.0,0,0.0,0
0.0,279,2.4,0,0.0,0
0.0,280,0.6,0,0.2,1
0.0,281,2.2,0,0.2,1
0.0,282,0.8,0,0.4,1
0.0,283,4.4,0,0.4,3
0.0,284,0.6,0,0.6,1
0.0,285,0.2,0,0.2,0
0.0,286,2.0,0,0.0,0
0.0,287,1.2,0,0.4,2
0.0,288,0.6,0,0.2,1
0.0,289,1.0,0,0.2,1
0.0,290,1.2,0,0.4,1
0.0,291,1.0,0,0.6,0
0.0,292,1.8,0,0.6,0
0.0,293,1.2,0,0.4,0
0.0,294,1.6,0,0.0,0
0.0,295,2.8,0,0.4,0
0.0,296,0.6,0,0.6,0
0.0,297,3.6,0,0.0,1
0.0,298,0.0,0,0.0,0
0.0,299,0.6,0,0.2,0
0.0,300,2.4,0,0.8,0
0.0,301,2.0,0,1.2,2
0.0,302,0.2,0,0.2,0
0.0,303,0.2,0,0.2,1
0.0,304,0.4,0,0.0,0
0.0,305,0.8,0,0.8,0
0.0,306,1.6,0,0.0,1
0.0,307,0.8,0,0.4,1
0.0,308,1.2,0,0.4,2
0.0,309,2.6,0,0.2,0
0.0,310,3.4,0,0.2,1
0.0,311,0.6,0,0.2,1
0.0,312,0.4,0,0.4,0
0.0,313,0.2,0,0.2,0
0.0,314,0.6,0,0.6,1
0.0,315,14.2,0,0.2,0
0.0,316,1.0,0,0.2,1
0.0,317,3.4,0,0.2,0
0.0,318,4.2,0,0.6,1
0.0,319,2.0,0,0.0,1
0.0,320,2.6,0,0.6,1
0.0,321,2.6,0,0.2,0
0.0,322,1.2,0,0.4,1
0.0,323,0.6,0,0.6,0
0.0,324,0.4,0,0.0,2
0.0,325,0.6,0,0.2,0
0.0,326,0.4,0,0.4,1
0.0,327,1.0,0,1.0,0
0.0,328,0.4,0,0.0,2
0.0,329,1.0,0,0.2,0
0.0,330,1.6,0,0.0,2
0.0,331,0.0,0,0.0,0
0.0,332,0.2,0,0.2,0
0.0,333,0.6,0,0.2,0
0.0,334,2.6,0,0.2,1
0.0,335,1.4,0,0.2,1
0.0,336,2.0,0,0.0,0
0.0,337,2.0,0,0.4,1
0.0,338,0.8,0,0.0,1
0.0,339,0.2,0,0.2,0
0.0,340,3.8,0,0.2,0
0.0,341,0.6,0,0.6,0
0.0,342,1.2,0,0.0,2
0.0,343,1.8,0,0.2,0
0.0,344,1.2,0,0.4,0
0.0,345,0.6,0,0.2,0
0.0,346,2.2,0,0.2,1
0.0,347,14.4,0,0.8,1
0.0,348,0.2,0,0.2,0
0.0,349,0.6,0,0.2,0
0.0,350,7.4,0,0.2,1
0.0,351,2.6,0,0.2,0
0.0,352,0.2,0,0.2,0
0.0,353,19.0,0,0.6,2
0.0,354,1.2,0,0.8,1
0.0,355,0.8,0,0.0,0
0.0,356,1.6,0,0.0,0
0.0,357,3.4,0,0.6,0
0.0,358,9.0,0,0.2,1
0.0,359,4.4,0,0.0,2
0.0,360,0.6,0,0.2,1
0.0,361,0.8,0,0.0,1
0.0,362,0.0,0,0.0,0
0.0,363,0.2,0,0.2,0
0.0,364,3.6,0,0.8,1
0.0,365,3.2,0,0.8,1
0.0,366,2.6,0,1.0,1
0.0,367,7.6,0,1.2,1
0.0,368,1.6,0,0.0,0
0.0,369,2.6,0,1.0,1
0.0,370,2.4,0,0.4,0
0.0,371,1.4,0,0.2,0
0.0,372,0.8,0,0.4,2
0.0,373,2.2,0,1.8,1
0.0,374,2.4,0,2.4,0
0.0,375,2.6,0,0.2,2
0.0,376,2.6,0,0.2,0
0.0,377,1.2,0,0.0,1
0.0,378,0.2,0,0.2,1
0.0,379,1.4,0,0.2,1
0.0,380,1.6,0,0.0,2
0.0,381,6.6,0,0.2,1
0.0,382,0.4,0,0.4,1
0.0,383,0.0,0,0.0,0
0.0,384,0.4,0,0.0,1
0.0,385,2.6,0,0.6,0
0.0,386,0.2,0,0.2,1
0.0,387,2.0,0,0.4,2
0.0,388,0.0,0,0.0,1
0.0,389,0.4,0,0.4,0
0.0,390,0.8,0,0.0,0
0.0,391,3.2,0,0.4,1
0.0,392,3.2,0,0.4,1
0.0,393,2.2,0,0.2,2
0.0,394,3.8,0,0.2,1
0.0,395,0.4,0,0.4,0
0.0,396,1.8,0,0.6,2
0.0,397,0.0,0,0.0,0
0.0,398,1.6,0,0.4,1
0.0,399,0.2,0,0.2,0
0.0,400,8.4,0,0.4,2
0.0,401,0.6,0,0.2,0
0.0,402,0.8,0,0.4,1
0.0,403,0.4,0,0.0,1
0.0,404,1.0,0,0.2,2
0.0,405,3.2,0,0.0,1
0.0,406,14.2,0,1.0,0
0.0,407,0.2,0,0.2,1
0.0,408,0.4,0,0.4,0
0.0,409,0.6,0,0.2,3
0.0,410,1.8,0,0.2,1
0.0,411,0.6,0,0.6,0
0.0,412,0.0,0,0.0,0
0.0,413,5.0,0,0.2,2
0.0,414,4.4,0,0.8,0
0.0,415,0.2,0,0.2,0
0.0,416,2.0,0,0.4,1
0.0,417,1.2,0,0.0,1
0.0,418,0.0,0,0.0,0
0.0,419,10.0,0,0.8,0
0.0,420,2.6,0,0.2,1
0.0,421,1.6,0,0.4,1
0.0,422,0.0,0,0.0,0
0.0,423,0.2,0,0.2,2
0.0,424,0.8,0,0.4,0
0.0,425,0.8,0,0.4,0
0.0,426,0.2,0,0.2,0
0.0,427,1.6,0,0.0,0
0.0,428,0.6,0,0.2,1
0.0,429,2.2,0,0.6,0
0.0,430,1.4,0,0.2,1
0.0,431,2.0,0,0.4,1
0.0,432,5.8,0,0.6,1
0.0,433,3.8,0,0.2,1
0.0,434,1.6,0,0.0,1
0.0,435,2.0,0,0.0,0
0.0,436,6.0,0,0.8,1
0.0,437,0.6,0,0.2,1
0.0,438,0.6,0,0.6,0
0.0,439,5.4,0,1.4,1
0.0,440,1.6,0,0.0,0
0.0,441,1.4,0,0.2,1
0.0,442,2.8,0,0.0,1
0.0,443,0.6,0,0.2,1
0.0,444,1.0,0,0.2,1
0.0,445,0.6,0,0.2,1
0.0,446,2.2,0,0.2,0
0.0,447,3.6,0,0.4,1
0.0,448,11.8,0,0.2,1
0.0,449,2.8,0,0.4,1
0.0,450,1.2,0,0.4,0
0.0,451,5.6,0,0.0,1
0.0,452,0.0,0,0.0,0
0.0,453,1.2,0,0.8,1
0.0,454,2.8,0,0.0,0
0.0,455,2.4,0,0.4,1
0.0,456,2.0,0,0.0,2
0.0,457,2.2,0,0.2,1
0.0,458,2.6,0,0.2,1
0.0,459,0.8,0,0.0,0
0.0,460,0.8,0,0.0,1
0.0,461,0.6,0,0.6,0
0.0,462,1.0,0,0.2,1
0.0,463,9.6,0,0.0,1
0.0,464,2.8,0,0.0,1
0.0,465,1.0,0,0.6,1
0.0,466,0.0,0,0.0,0
0.0,467,1.0,0,0.6,0
0.0,468,1.4,0,1.4,0
0.0,469,0.4,0,0.0,1
0.0,470,3.6,0,0.0,0
0.0,471,1.2,0,0.0,1
0.0,472,5.8,0,0.2,1
0.0,473,20.4,0,0.4,0
0.0,474,1.4,0,0.2,0
0.0,475,0.0,0,0.0,0
0.0,476,1.8,0,0.6,1
0.0,477,10.4,0,0.0,1
0.0,478,6.0,0,0.4,1
0.0,479,0.4,0,0.0,0
0.0,480,0.4,0,0.4,0
0.0,481,0.6,0,0.2,0
0.0,482,1.4,0,0.2,1
0.0,483,1.0,0,0.2,2
0.0,484,0.8,0,0.4,0
0.0,485,5.6,0,0.4,1
0.0,486,0.2,0,0.2,1
0.0,487,2.4,0,0.4,1
0.0,488,9.4,0,0.6,0
0.0,489,2.2,0,0.2,1
0.0,490,1.4,0,0.2,1
0.0,491,1.2,0,0.4,1
0.0,492,2.4,0,0.4,1
0.0,493,0.4,0,0.0,0
0.0,494,0.8,0,0.0,1
0.0,495,0.4,0,0.0,0
0.0,496,1.0,0,0.2,2
0.0,497,7.6,0,0.4,1
0.0,498,0.4,0,0.4,0
0.0,499,3.0,0,0.2,1
0.0,500,0.0,0,0.0,0
0.0,501,1.4,0,0.6,1
0.0,502,2.4,0,0.4,1
0.0,503,0.8,0,0.4,1
0.0,504,2.2,0,0.2,1
0.0,505,2.2,0,0.2,1
0.0,506,0.4,0,0.0,1
0.0,507,0.0,0,0.0,0
0.0,508,0.8,0,0.4,1
0.0,509,1.8,0,0.2,1
0.0,510,0.4,0,0.0,0
0.0,511,1.8,0,0.2,1
0.0,512,3.4,0,0.2,2
0.0,513,0.6,0,0.6,0
0.0,514,0.0,0,0.0,0
0.0,515,7.8,0,0.2,1
0.0,516,1.8,0,1.0,1
0.0,517,0.6,0,0.6,1
0.0,518,2.8,0,0.4,1
0.0,519,1.8,0,0.2,0
0.0,520,8.2,0,0.6,1
0.0,521,0.2,0,0.2,1
0.0,522,3.2,0,0.0,1
0.0,523,0.6,0,0.2,1
0.0,524,0.2,0,0.2,1
0.0,525,4.2,0,0.2,2
0.0,526,1.0,0,0.6,0
0.0,527,0.4,0,0.0,1
0.0,528,2.2,0,0.2,0
0.0,529,1.6,0,0.0,0
0.0,530,0.4,0,0.0,0
0.0,531,0.0,0,0.0,0
0.0,532,3.4,0,2.2,1
0.0,533,2.8,0,0.4,0
0.0,534,1.0,0,0.2,1
0.0,535,0.2,0,0.2,0
0.0,536,0.2,0,0.2,0
0.0,537,0.0,0,0.0,1
0.0,538,6.0,0,2.8,0
0.0,539,0.0,0,0.0,0
0.0,540,4.6,0,0.2,1
0.0,541,1.2,0,0.0,1
0.0,542,5.8,0,0.2,1
0.0,543,1.2,0,0.4,1
0.0,544,1.2,0,0.0,0
0.0,545,0.0,0,0.0,0
0.0,546,2.2,0,0.2,2
0.0,547,6.8,0,0.0,2
0.0,548,3.6,0,0.4,1
0.0,549,0.6,0,0.2,0
0.0,550,1.4,0,0.2,0
0.0,551,0.8,0,0.0,3
0.0,552,0.2,0,0.2,0
0.0,553,0.6,0,0.2,0
0.0,554,3.2,0,0.0,0
0.0,555,8.6,0,1.0,0
0.0,556,1.0,0,0.2,1
0.0,557,5.2,0,0.0,1
0.0,558,2.0,0,0.8,1
0.0,559,2.0,0,0.0,1
0.0,560,4.0,0,0.8,0
0.0,561,1.0,0,0.2,0
0.0,562,2.6,0,0.2,0
0.0,563,1.8,0,0.2,0
0.0,564,0.6,0,0.2,0
0.0,565,1.0,0,0.2,2
0.0,566,1.0,0,1.0,0
0.0,567,0.6,0,0.2,1
0.0,568,1.0,0,0.6,1
0.0,569,3.4,0,0.2,0
0.0,570,0.0,0,0.0,0
0.0,571,3.0,0,0.2,1
0.0,572,0.8,0,0.0,2
0.0,573,1.6,0,0.4,0
0.0,574,0.0,0,0.0,0
0.0,575,0.0,0,0.0,0
0.0,576,0.2,0,0.2,0
0.0,577,0.0,0,0.0,0
0.0,578,1.4,0,0.2,1
0.0,579,5.4,0,0.6,2
0.0,580,1.8,0,0.2,2
0.0,581,3.8,0,1.0,1
0.0,582,3.4,0,0.2,1
0.0,583,0.0,0,0.0,0
0.0,584,2.4,0,0.0,1
0.0,585,1.4,0,0.2,0
0.0,586,0.4,0,0.0,0
0.0,587,7.0,0,0.2,1
0.0,588,3.6,0,0.4,1
0.0,589,0.4,0,0.4,0
0.0,590,1.0,0,0.2,0
0.0,591,0.4,0,0.4,0
0.0,592,4.2,0,0.2,2
0.0,593,0.6,0,0.2,1
0.0,594,0.4,0,0.4,0
0.0,595,0.2,0,0.2,0
0.0,596,1.8,0,1.4,3
0.0,597,0.4,0,0.0,2
0.0,598,0.6,0,0.2,1
0.0,599,0.8,0,0.0,0
0.0,600,1.2,0,0.0,1
0.0,601,2.0,0,0.4,0
0.0,602,0.0,0,0.0,0
0.0,603,0.0,0,0.0,0
0.0,604,0.4,0,0.0,0
0.0,605,0.2,0,0.2,0
0.0,606,3.4,0,2.2,0
0.0,607,1.2,0,0.4,2
0.0,608,1.8,0,0.2,0
0.0,609,7.8,0,0.2,2
0.0,610,2.6,0,0.6,0
0.0,611,1.0,0,0.6,0
0.0,612,0.0,0,0.0,0
0.0,613,1.4,0,0.2,1
0.0,614,0.6,0,0.6,1
0.0,615,1.6,0,0.4,2
0.0,616,1.8,0,1.0,2
0.0,617,7.2,0,0.8,0
0.0,618,1.8,0,0.2,0
0.0,619,2.6,0,0.2,0
0.0,620,0.0,0,0.0,1
0.0,621,3.0,0,0.6,0
0.0,622,7.0,0,0.2,1
0.0,623,0.2,0,0.2,1
0.0,624,0.8,0,0.8,0
0.0,625,5.4,0,0.6,1
0.0,626,1.4,0,1.0,1
0.0,627,6.2,0,0.6,1
0.0,628,2.6,0,0.2,0
0.0,629,5.6,0,0.0,0
0.0,630,0.0,0,0.0,0
0.0,631,1.2,0,0.0,0
0.0,632,0.2,0,0.2,0
0.0,633,1.6,0,0.4,2
0.0,634,1.8,0,0.6,1
0.0,635,0.8,0,0.0,2
0.0,636,0.0,0,0.0,0
0.0,637,1.2,0,0.0,1
0.0,638,0.8,0,0.0,1
0.0,639,2.4,0,0.4,1
0.0,640,1.0,0,0.2,1
0.0,641,1.6,0,0.0,1
0.0,642,1.4,0,0.2,1
0.0,643,0.4,0,0.0,1
0.0,644,0.8,0,0.0,1
0.0,645,0.6,0,0.2,1
0.0,646,0.4,0,0.0,1
0.0,647,5.4,0,0.2,1
0.0,648,0.6,0,0.2,1
0.0,649,1.0,0,0.2,1
0.0,650,0.2,0,0.2,0
0.0,651,2.0,0,0.8,1
0.0,652,0.0,0,0.0,1
0.0,653,6.4,0,0.4,1
0.0,654,1.6,0,0.4,0
0.0,655,3.0,0,0.2,0
0.0,656,1.2,0,0.4,1
0.0,657,0.8,0,0.0,0
0.0,658,3.8,0,0.2,0
0.0,659,2.6,0,0.2,1
0.0,660,1.6,0,0.0,1
0.0,661,0.6,0,0.2,1
0.0,662,1.6,0,0.0,1
0.0,663,0.0,0,0.0,0
0.0,664,1.6,0,0.8,1
0.0,665,2.2,0,0.2,1
0.0,666,3.2,0,0.4,1
0.0,667,1.8,0,1.0,2
0.0,668,0.6,0,0.6,0
0.0,669,0.2,0,0.2,0
0.0,670,3.8,0,0.2,2
0.0,671,1.0,0,0.2,1
0.0,672,2.6,0,0.2,1
0.0,673,3.6,0,0.0,1
0.0,674,6.2,0,0.6,0
0.0,675,0.4,0,0.4,0
0.0,676,0.4,0,0.4,1
0.0,677,0.6,0,0.2,1
0.0,678,1.2,0,1.2,0
0.0,679,0.4,0,0.0,1
0.0,680,4.2,0,0.6,1
0.0,681,0.0,0,0.0,0
0.0,682,1.8,0,0.2,0
0.0,683,2.2,0,1.0,1
0.0,684,3.0,0,0.6,2
0.0,685,1.4,0,0.2,0
0.0,686,0.2,0,0.2,1
0.0,687,0.6,0,0.6,0
0.0,688,0.4,0,0.0,2
0.0,689,0.4,0,0.4,0
0.0,690,0.2,0,0.2,0
0.0,691,0.2,0,0.2,0
0.0,692,5.8,0,0.6,1
0.0,693,1.6,0,0.4,0
0.0,694,2.2,0,0.6,0
0.0,695,2.0,0,0.0,0
0.0,696,0.6,0,0.2,1
0.0,697,3.0,0,0.6,1
0.0,698,0.6,0,0.2,0
0.0,699,7.4,0,0.2,0
0.0,700,1.8,0,0.2,0
0.0,701,0.2,0,0.2,0
0.0,702,1.6,0,0.4,0
0.0,703,2.0,0,0.0,0
0.0,704,2.0,0,0.8,0
0.0,705,2.8,0,0.0,1
0.0,706,0.6,0,0.6,0
0.0,707,3.0,0,1.0,2
0.0,708,0.4,0,0.0,1
0.0,709,2.0,0,1.2,2
0.0,710,1.4,0,0.2,1
0.0,711,1.8,0,0.2,0
0.0,712,1.6,0,1.2,1
0.0,713,1.0,0,1.0,1
0.0,714,0.6,0,0.2,3
0.0,715,0.4,0,0.0,1
0.0,716,0.8,0,0.0,2
0.0,717,0.6,0,0.6,0
0.0,718,4.8,0,0.4,0
0.0,719,7.6,0,0.4,0
0.0,720,4.8,0,0.8,1
0.0,721,0.0,0,0.0,1
0.0,722,0.8,0,0.0,1
0.0,723,2.4,0,0.0,1
0.0,724,0.4,0,0.0,1
0.0,725,2.2,0,0.2,0
0.0,726,7.6,0,0.4,1
0.0,727,0.8,0,0.4,1
0.0,728,0.2,0,0.2,1
0.0,729,2.0,0,0.0,1
0.0,730,3.0,0,0.2,1
0.0,731,2.0,0,0.0,2
0.0,732,0.2,0,0.2,0
0.0,733,1.0,0,0.2,0
0.0,734,1.2,0,0.0,0
0.0,735,0.6,0,0.2,0
0.0,736,2.2,0,0.2,1
0.0,737,0.2,0,0.2,1
0.0,738,0.8,0,0.4,0
0.0,739,6.2,0,1.0,0
0.0,740,2.2,0,0.2,0
0.0,741,0.8,0,0.4,1
0.0,742,0.6,0,0.2,2
0.0,743,0.8,0,0.0,0
0.0,744,0.2,0,0.2,0
0.0,745,7.8,0,0.2,1
0.0,746,1.2,0,0.4,0
0.0,747,0.0,0,0.0,0
0.0,748,0.2,0,0.2,0
0.0,749,4.8,0,0.4,1
0.0,750,0.8,0,0.4,1
0.0,751,5.0,0,0.6,0
0.0,752,1.6,0,0.0,0
0.0,753,1.4,0,0.2,0
0.0,754,1.6,0,1.2,1
0.0,755,0.2,0,0.2,0
0.0,756,0.8,0,0.8,0
0.0,757,0.6,0,0.2,0
0.0,758,3.2,0,0.0,1
0.0,759,0.6,0,0.2,1
0.0,760,0.8,0,0.4,1
0.0,761,3.0,0,0.2,1
0.0,762,0.2,0,0.2,0
0.0,763,5.6,0,0.0,0
0.0,764,0.6,0,0.2,1
0.0,765,9.0,0,3.0,1
0.0,766,0.4,0,0.0,0
0.0,767,0.2,0,0.2,1
0.0,768,1.4,0,0.2,1
0.0,769,1.2,0,0.4,2
0.0,770,1.8,0,0.2,1
0.0,771,2.8,0,0.0,1
0.0,772,0.2,0,0.2,0
0.0,773,1.8,0,1.4,0
0.0,774,0.2,0,0.2,1
0.0,775,0.6,0,0.2,0
0.0,776,0.2,0,0.2,0
0.0,777,4.8,0,0.4,1
0.0,778,3.2,0,0.0,2
0.0,779,2.6,0,0.2,1
0.0,780,0.6,0,0.6,0
0.0,781,4.6,0,0.2,1
0.0,782,4.8,0,0.0,1
0.0,783,1.4,0,0.2,0
0.0,784,1.0,0,0.2,1
0.0,785,3.8,0,0.2,3
0.0,786,2.6,0,0.6,1
0.0,787,6.6,0,0.6,1
0.0,788,0.2,0,0.2,1
0.0,789,0.2,0,0.2,0
0.0,790,2.6,0,0.6,1
0.0,791,1.6,0,0.4,1
0.0,792,1.2,0,0.0,1
0.0,793,1.2,0,0.4,1
0.0,794,0.0,0,0.0,0
0.0,795,0.8,0,0.8,1
0.0,796,0.6,0,0.2,0
0.0,797,0.8,0,0.0,1
0.0,798,5.0,0,0.2,2
0.0,799,1.2,0,1.2,1
0.0,800,0.8,0,0.4,0
0.0,801,0.0,0,0.0,0
0.0,802,1.8,0,0.2,0
0.0,803,1.0,0,0.6,2
0.0,804,11.8,0,4.6,0
0.0,805,2.6,0,0.2,1
0.0,806,0.2,0,0.2,0
0.0,807,1.4,0,0.2,1
0.0,808,3.6,0,0.0,0
0.0,809,0.8,0,0.4,2
0.0,810,12.8,0,0.0,1
0.0,811,0.8,0,0.4,2
0.0,812,9.8,0,1.0,1
0.0,813,0.2,0,0.2,0
0.0,814,2.0,0,0.0,1
0.0,815,0.4,0,0.4,0
0.0,816,0.4,0,0.0,1
0.0,817,0.6,0,0.2,1
0.0,818,0.6,0,0.2,0
0.0,819,0.8,0,0.0,1
0.0,820,2.0,0,0.0,1
0.0,821,1.2,0,0.0,1
0.0,822,0.2,0,0.2,0
0.0,823,3.0,0,0.2,3
0.0,824,3.0,0,0.6,1
0.0,825,0.4,0,0.0,0
0.0,826,0.2,0,0.2,0
0.0,827,0.2,0,0.2,0
0.0,828,0.8,0,0.4,2
0.0,829,11.8,0,0.2,1
0.0,830,0.2,0,0.2,0
0.0,831,7.8,0,0.2,1
0.0,832,3.0,0,0.2,0
0.0,833,2.0,0,0.0,1
0.0,834,9.6,0,3.2,1
0.0,835,0.8,0,0.4,0
0.0,836,1.6,0,0.4,1
0.0,837,1.2,0,0.0,1
0.0,838,0.6,0,0.2,1
0.0,839,0.6,0,0.6,2
0.0,840,1.6,0,0.8,2
0.0,841,6.2,0,0.2,1
0.0,842,3.8,0,0.2,1
0.0,843,3.8,0,3.0,1
0.0,844,0.0,0,0.0,2
0.0,845,4.0,0,0.4,0
0.0,846,1.4,0,0.2,1
0.0,847,6.8,0,0.0,1
0.0,848,0.6,0,0.6,1
0.0,849,1.0,0,0.2,1
0.0,850,0.4,0,0.0,0
0.0,851,0.6,0,0.2,1
0.0,852,0.0,0,0.0,0
0.0,853,1.2,0,0.0,1
0.0,854,6.2,0,0.6,1
0.0,855,0.4,0,0.4,1
0.0,856,0.0,0,0.0,1
0.0,857,5.4,0,0.2,1
0.0,858,0.4,0,0.4,1
0.0,859,3.2,0,0.8,2
0.0,860,3.8,0,0.2,0
0.0,861,0.2,0,0.2,0
0.0,862,6.0,0,0.0,1
0.0,863,2.2,0,0.6,1
0.0,864,4.8,0,0.4,1
0.0,865,1.2,0,0.4,1
0.0,866,0.2,0,0.2,0
0.0,867,1.2,0,0.0,0
0.0,868,3.6,0,0.0,1
0.0,869,9.0,0,5.4,1
0.0,870,3.2,0,0.0,0
0.0,871,0.6,0,0.2,1
0.0,872,3.6,0,0.0,0
0.0,873,3.4,0,0.2,1
0.0,874,1.6,0,0.4,1
0.0,875,0.6,0,0.6,0
0.0,876,0.2,0,0.2,0
0.0,877,9.8,0,0.2,1
0.0,878,2.0,0,1.2,0
0.0,879,4.8,0,0.0,1
0.0,880,1.4,0,0.2,1
0.0,881,1.2,0,0.0,1
0.0,882,8.0,0,0.0,1
0.0,883,0.4,0,0.0,1
0.0,884,7.0,0,0.2,1
0.0,885,0.6,0,0.2,1
0.0,886,1.4,0,0.2,0
0.0,887,3.6,0,0.0,0
0.0,888,0.6,0,0.2,2
0.0,889,1.4,0,0.2,0
0.0,890,3.0,0,0.2,1
0.0,891,2.8,0,1.2,0
0.0,892,2.4,0,0.4,1
0.0,893,0.4,0,0.4,0
0.0,894,4.0,0,1.6,1
0.0,895,1.2,0,0.4,0
0.0,896,1.0,0,0.2,1
0.0,897,0.4,0,0.0,2
0.0,898,0.8,0,0.0,1
0.0,899,0.0,0,0.0,0
0.0,900,1.0,0,0.2,0
0.0,901,0.6,0,0.2,1
0.0,902,2.4,0,0.0,0
0.0,903,2.2,0,0.2,1
0.0,904,7.0,0,0.2,1
0.0,905,4.2,0,0.2,1
0.0,906,1.0,0,0.2,0
0.0,907,7.6,0,0.0,1
0.0,908,0.6,0,0.6,0
0.0,909,1.0,0,0.6,2
0.0,910,0.6,0,0.6,0
0.0,911,0.0,0,0.0,1
0.0,912,1.4,0,0.2,0
0.0,913,2.0,0,0.4,1
0.0,914,0.4,0,0.0,1
0.0,915,1.4,0,0.2,0
0.0,916,2.0,0,0.4,0
0.0,917,0.8,0,0.4,0
0.0,918,0.8,0,0.0,0
0.0,919,1.2,0,0.0,1
0.0,920,0.8,0,0.0,1
0.0,921,3.4,0,0.2,0
0.0,922,2.4,0,0.0,1
0.0,923,0.6,0,0.6,1
0.0,924,0.2,0,0.2,0
0.0,925,0.4,0,0.4,0
0.0,926,3.4,0,0.6,2
0.0,927,1.4,0,0.6,0
0.0,928,0.4,0,0.0,0
0.0,929,0.4,0,0.4,0
0.0,930,1.0,0,0.2,2
0.0,931,0.6,0,0.6,0
0.0,932,0.2,0,0.2,0
0.0,933,2.6,0,0.2,0
0.0,934,0.2,0,0.2,0
0.0,935,5.6,0,0.0,0
0.0,936,2.8,0,2.8,0
0.0,937,0.2,0,0.2,0
0.0,938,1.6,0,0.4,1
0.0,939,2.0,0,0.8,1
0.0,940,1.2,0,0.4,1
0.0,941,0.4,0,0.4,1
0.0,942,2.2,0,0.2,0
0.0,943,4.4,0,0.8,0
0.0,944,0.4,0,0.0,1
0.0,945,0.6,0,0.6,0
0.0,946,1.0,0,0.2,1
0.0,947,1.2,0,0.0,1
0.0,948,1.0,0,1.0,0
0.0,949,0.0,0,0.0,0
0.0,950,3.4,0,0.6,1
0.0,951,0.6,0,0.2,1
0.0,952,0.4,0,0.4,1
0.0,953,0.4,0,0.4,1
0.0,954,0.6,0,0.6,0
0.0,955,1.4,0,0.2,0
0.0,956,5.0,0,0.2,2
0.0,957,0.8,0,0.4,2
0.0,958,1.2,0,0.0,1
0.0,959,1.2,0,0.0,0
0.0,960,0.8,0,0.0,0
0.0,961,0.2,0,0.2,0
0.0,962,0.4,0,0.0,1
0.0,963,0.2,0,0.2,0
0.0,964,0.4,0,0.0,0
0.0,965,0.2,0,0.2,0
0.0,966,0.4,0,0.0,2
0.0,967,0.2,0,0.2,0
0.0,968,0.2,0,0.2,0
0.0,969,4.0,0,0.0,0
0.0,970,3.8,0,0.2,0
0.0,971,3.4,0,0.2,0
0.0,972,0.2,0,0.2,0
0.0,973,0.2,0,0.2,0
0.0,974,0.8,0,0.0,0
0.0,975,1.4,0,0.2,1
0.0,976,3.6,0,0.4,0
0.0,977,0.6,0,0.2,1
0.0,978,7.2,0,0.4,2
0.0,979,3.2,0,0.4,0
0.0,980,0.6,0,0.6,0
0.0,981,0.0,0,0.0,1
0.0,982,0.2,0,0.2,0
0.0,983,0.2,0,0.2,0
0.0,984,3.8,0,0.2,1
0.0,985,2.0,0,0.8,1
0.0,986,6.0,0,0.0,0
0.0,987,6.6,0,0.6,0
0.0,988,2.8,0,0.4,2
0.0,989,2.4,0,1.2,1
0.0,990,0.6,0,0.2,1
0.0,991,0.6,0,0.2,1
0.0,992,0.6,0,0.2,0
0.0,993,2.2,0,0.2,1
0.0,994,0.2,0,0.2,0
0.0,995,3.8,0,0.2,1
0.0,996,3.2,0,0.0,0
0.0,997,6.2,0,0.6,0
0.0,998,0.6,0,0.2,0
0.0,999,0.8,0,0.0,1
0.1,0,1.8,0,0.2,1
0.1,1,0.8,0,0.0,0
0.1,2,9.4,0,0.2,1
0.1,3,3.4,0,1.0,1
0.1,4,0.0,0,0.0,0
0.1,5,0.4,0,0.0,2
0.1,6,0.0,0,0.0,0
0.1,7,8.4,0,0.0,1
0.1,8,6.2,0,1.0,2
0.1,9,0.4,0,0.4,1
0.1,10,5.0,0,0.2,1
0.1,11,3.0,0,0.2,1
0.1,12,0.0,0,0.0,0
0.1,13,1.6,0,0.0,0
0.1,14,0.2,0,0.2,1
0.1,15,0.2,0,0.2,0
0.1,16,0.2,0,0.2,0
0.1,17,1.4,0,1.4,1
0.1,18,0.2,0,0.2,0
0.1,19,8.0,0,0.0,1
0.1,20,0.4,0,0.0,1
0.1,21,1.2,0,0.0,2
0.1,22,1.2,0,0.0,0
0.1,23,3.6,0,0.0,1
0.1,24,0.0,0,0.0,1
0.1,25,0.6,0,0.6,0
0.1,26,1.2,0,0.0,2
0.1,27,0.8,0,0.0,1
0.1,28,7.6,0,0.0,1
0.1,29,3.4,0,0.2,0
0.1,30,0.2,0,0.2,1
0.1,31,4.0,0,0.0,2
0.1,32,7.4,0,0.2,1
0.1,33,3.8,0,1.0,0
0.1,34,1.4,0,0.2,1
0.1,35,1.4,0,0.2,0
0.1,36,0.2,0,0.2,0
0.1,37,0.6,0,0.2,1
0.1,38,5.0,0,0.6,0
0.1,39,2.0,0,0.4,0
0.1,40,3.0,0,0.6,2
0.1,41,4.6,0,0.2,1
0.1,42,1.0,0,0.2,2
0.1,43,1.8,0,0.2,1
0.1,44,5.2,0,0.0,1
0.1,45,0.8,0,0.4,1
0.1,46,7.4,0,1.0,1
0.1,47,1.0,0,1.0,1
0.1,48,1.2,0,1.2,0
0.1,49,1.4,0,1.0,1
0.1,50,3.0,0,0.2,1
0.1,51,0.4,0,0.4,0
0.1,52,0.6,0,0.2,1
0.1,53,1.0,0,0.2,1
0.1,54,1.0,0,0.2,1
0.1,55,0.2,0,0.2,0
0.1,56,0.4,0,0.4,0
0.1,57,2.8,0,0.0,1
0.1,58,0.8,0,0.0,1
0.1,59,4.8,0,0.4,1
0.1,60,2.8,0,0.0,1
0.1,61,0.6,0,0.2,1
0.1,62,0.6,0,0.2,1
0.1,63,1.4,0,1.0,0
0.1,64,4.0,0,0.0,0
0.1,65,2.0,0,0.0,0
0.1,66,0.4,0,0.0,0
0.1,67,0.2,0,0.2,0
0.1,68,3.0,0,0.2,2
0.1,69,3.6,0,2.4,2
0.1,70,1.6,0,0.4,3
0.1,71,0.4,0,0.0,0
0.1,72,1.8,0,1.0,1
0.1,73,1.0,0,0.2,1
0.1,74,2.6,0,0.2,1
0.1,75,0.2,0,0.2,2
0.1,76,1.0,0,0.6,2
0.1,77,2.0,0,0.4,0
0.1,78,4.0,0,0.0,1
0.1,79,1.0,0,0.2,1
0.1,80,3.6,0,0.4,1
0.1,81,5.6,0,0.4,1
0.1,82,3.2,0,0.4,0
0.1,83,1.8,0,1.0,1
0.1,84,0.4,0,0.0,0
0.1,85,1.8,0,0.2,2
0.1,86,0.6,0,0.2,1
0.1,87,1.0,0,0.2,1
0.1,88,2.6,0,0.2,1
0.1,89,0.6,0,0.2,1
0.1,90,0.6,0,0.2,1
0.1,91,2.8,0,0.4,0
0.1,92,0.6,0,0.2,1
0.1,93,0.4,0,0.0,0
0.1,94,3.4,0,0.6,0
0.1,95,2.0,0,0.4,1
0.1,96,2.0,0,0.8,1
0.1,97,2.0,0,0.0,1
0.1,98,0.2,0,0.2,1
0.1,99,0.8,0,0.0,1
0.1,100,1.4,0,0.2,2
0.1,101,2.8,0,0.4,1
0.1,102,0.4,0,0.0,0
0.1,103,0.2,0,0.2,0
0.1,104,2.0,0,0.0,2
0.1,105,0.6,0,0.2,1
0.1,106,0.6,0,0.2,1
0.1,107,2.8,0,0.8,1
0.1,108,0.2,0,0.2,1
0.1,109,1.6,0,0.0,2
0.1,110,5.8,0,0.2,1
0.1,111,2.2,0,0.2,0
0.1,112,5.2,0,4.4,1
0.1,113,0.2,0,0.2,1
0.1,114,1.0,0,1.0,2
0.1,115,4.2,0,0.2,2
0.1,116,2.2,0,0.2,2
0.1,117,0.8,0,0.0,0
0.1,118,2.2,0,0.2,0
0.1,119,0.8,0,0.4,1
0.1,120,6.0,0,0.0,0
0.1,121,0.4,0,0.4,0
0.1,122,2.2,0,0.2,1
0.1,123,3.6,0,0.8,1
0.1,124,7.6,0,6.0,1
0.1,125,0.6,0,0.2,2
0.1,126,0.8,0,0.4,1
0.1,127,0.6,0,0.2,0
0.1,128,4.2,0,0.2,0
0.1,129,0.0,0,0.0,0
0.1,130,0.6,0,0.2,1
0.1,131,1.4,0,1.0,1
0.1,132,0.0,0,0.0,0
0.1,133,0.6,0,0.2,1
0.1,134,2.6,0,0.6,1
0.1,135,6.2,0,0.2,1
0.1,136,10.0,0,0.0,0
0.1,137,0.6,0,0.2,1
0.1,138,6.8,0,0.0,1
0.1,139,0.2,0,0.2,1
0.1,140,5.2,0,0.0,1
0.1,141,0.0,0,0.0,0
0.1,142,3.0,0,0.2,1
0.1,143,4.0,0,0.0,1
0.1,144,0.2,0,0.2,1
0.1,145,2.0,0,0.0,0
0.1,146,1.8,0,0.6,1
0.1,147,1.4,0,0.2,1
0.1,148,6.4,0,0.4,2
0.1,149,1.4,0,0.2,2
0.1,150,1.6,0,0.0,2
0.1,151,1.8,0,0.2,0
0.1,152,0.4,0,0.4,0
0.1,153,0.6,0,0.2,0
0.1,154,0.4,0,0.4,1
0.1,155,2.0,0,0.0,1
0.1,156,0.2,0,0.2,0
0.1,157,4.4,0,0.8,1
0.1,158,1.8,0,0.6,0
0.1,159,6.0,0,0.8,1
0.1,160,0.6,0,0.6,0
0.1,161,2.6,0,0.6,0
0.1,162,1.2,0,1.2,0
0.1,163,0.0,0,0.0,0
0.1,164,1.0,0,0.6,1
0.1,165,1.6,0,0.0,2
0.1,166,1.4,0,0.2,0
0.1,167,8.2,0,0.2,1
0.1,168,1.6,0,0.0,1
0.1,169,3.2,0,1.2,0
0.1,170,9.4,0,0.2,1
0.1,171,0.6,0,0.2,0
0.1,172,1.2,0,0.0,1
0.1,173,0.2,0,0.2,1
0.1,174,0.4,0,0.0,1
0.1,175,3.2,0,0.0,0
0.1,176,0.8,0,0.0,2
0.1,177,0.8,0,0.4,1
0.1,178,2.6,0,0.2,1
0.1,179,0.8,0,0.0,0
0.1,180,0.2,0,0.2,1
0.1,181,1.8,0,0.6,1
0.1,182,0.4,0,0.0,1
0.1,183,13.6,0,0.0,1
0.1,184,1.8,0,0.2,0
0.1,185,0.6,0,0.2,0
0.1,186,0.2,0,0.2,1
0.1,187,1.2,0,0.0,2
0.1,188,0.0,0,0.0,0
0.1,189,0.6,0,0.2,1
0.1,190,1.0,0,0.2,1
0.1,191,0.6,0,0.2,1
0.1,192,1.6,0,0.4,1
0.1,193,3.2,0,0.8,1
0.1,194,2.8,0,0.0,1
0.1,195,4.4,0,0.0,1
0.1,196,0.6,0,0.2,1
0.1,197,1.2,0,0.4,1
0.1,198,0.6,0,0.2,1
0.1,199,0.4,0,0.0,1
0.1,200,2.6,0,0.6,0
0.1,201,3.6,0,0.4,0
0.1,202,1.4,0,0.2,1
0.1,203,1.0,0,0.2,2
0.1,204,4.8,0,0.4,1
0.1,205,1.2,0,0.4,1
0.1,206,0.4,0,0.4,0
0.1,207,0.6,0,0.6,1
0.1,208,0.4,0,0.0,2
0.1,209,8.6,0,0.6,0
0.1,210,0.2,0,0.2,1
0.1,211,0.2,0,0.2,0
0.1,212,5.6,0,1.6,0
0.1,213,0.4,0,0.4,0
0.1,214,1.2,0,0.8,1
0.1,215,2.2,0,0.2,1
0.1,216,2.8,0,0.4,2
0.1,217,4.4,0,0.0,0
0.1,218,0.2,0,0.2,0
0.1,219,0.6,0,0.6,0
0.1,220,0.8,0,0.8,0
0.1,221,0.4,0,0.4,0
0.1,222,0.2,0,0.2,0
0.1,223,1.0,0,0.2,1
0.1,224,8.6,0,0.2,1
0.1,225,0.4,0,0.0,1
0.1,226,0.8,0,0.0,1
0.1,227,0.0,0,0.0,0
0.1,228,1.6,0,0.8,0
0.1,229,2.8,0,2.4,2
0.1,230,1.4,0,0.2,1
0.1,231,6.2,0,0.2,0
0.1,232,3.0,0,0.2,1
0.1,233,0.2,0,0.2,0
0.1,234,4.8,0,0.4,1
0.1,235,4.4,0,0.8,2
0.1,236,0.0,0,0.0,0
0.1,237,5.8,0,1.8,1
0.1,238,0.0,0,0.0,0
0.1,239,3.8,0,0.2,1
0.1,240,1.6,0,0.8,1
0.1,241,1.2,0,0.4,2
0.1,242,2.4,0,0.0,1
0.1,243,0.2,0,0.2,0
0.1,244,0.4,0,0.0,1
0.1,245,1.4,0,0.2,1
0.1,246,4.6,0,0.2,2
0.1,247,0.2,0,0.2,1
0.1,248,0.4,0,0.4,0
0.1,249,1.6,0,0.0,0
0.1,250,0.6,0,0.6,0
0.1,251,0.8,0,0.0,2
0.1,252,1.0,0,0.2,1
0.1,253,1.2,0,0.0,1
0.1,254,2.8,0,0.0,0
0.1,255,19.8,0,1.0,0
0.1,256,3.0,0,2.2,1
0.1,257,5.0,0,0.2,1
0.1,258,0.2,0,0.2,2
0.1,259,2.0,0,0.8,0
0.1,260,1.0,0,1.0,1
0.1,261,1.0,0,0.6,2
0.1,262,3.8,0,0.2,0
0.1,263,2.0,0,0.0,0
0.1,264,1.4,0,0.2,1
0.1,265,4.4,0,0.0,1
0.1,266,2.6,0,0.2,1
0.1,267,2.8,0,0.0,0
0.1,268,0.4,0,0.0,1
0.1,269,2.8,0,0.4,1
0.1,270,0.0,0,0.0,0
0.1,271,2.2,0,0.2,1
0.1,272,2.4,0,0.8,1
0.1,273,4.2,0,2.2,0
0.1,274,1.2,0,0.0,0
0.1,275,4.0,0,0.4,1
0.1,276,0.2,0,0.2,0
0.1,277,0.4,0,0.4,0
0.1,278,2.0,0,0.8,0
0.1,279,2.4,0,0.0,1
0.1,280,0.6,0,0.2,1
0.1,281,7.4,0,0.2,1
0.1,282,0.8,0,0.0,2
0.1,283,3.6,0,0.4,0
0.1,284,1.6,0,0.0,0
0.1,285,2.4,0,0.0,0
0.1,286,4.0,0,0.0,1
0.1,287,1.2,0,0.0,1
0.1,288,2.4,0,0.4,1
0.1,289,0.8,0,0.4,0
0.1,290,0.6,0,0.2,1
0.1,291,1.2,0,0.4,0
0.1,292,1.4,0,1.0,0
0.1,293,0.2,0,0.2,0
0.1,294,1.2,0,0.0,1
0.1,295,1.4,0,0.6,2
0.1,296,2.4,0,0.4,2
0.1,297,0.0,0,0.0,0
0.1,298,1.2,0,0.8,1
0.1,299,1.0,0,0.2,1
0.1,300,1.4,0,0.2,2
0.1,301,1.0,0,0.6,1
0.1,302,1.8,0,0.2,1
0.1,303,0.0,0,0.0,0
0.1,304,0.4,0,0.0,2
0.1,305,1.0,0,1.0,0
0.1,306,0.8,0,0.0,0
0.1,307,3.6,0,0.0,2
0.1,308,10.0,0,0.0,1
0.1,309,2.6,0,0.2,1
0.1,310,7.0,0,0.2,1
0.1,311,1.2,0,0.0,0
0.1,312,4.0,0,3.2,0
0.1,313,1.2,0,0.0,0
0.1,314,0.2,0,0.2,0
0.1,315,1.8,0,0.2,1
0.1,316,2.4,0,0.4,0
0.1,317,1.4,0,1.0,0
0.1,318,0.6,0,0.6,0
0.1,319,3.8,0,0.2,1
0.1,320,1.8,0,0.2,1
0.1,321,4.0,0,0.4,1
0.1,322,1.6,0,0.8,0
0.1,323,1.6,0,0.0,1
0.1,324,4.4,0,1.6,0
0.1,325,0.2,0,0.2,0
0.1,326,1.2,0,0.4,0
0.1,327,4.8,0,0.4,1
0.1,328,0.8,0,0.0,0
0.1,329,0.6,0,0.2,0
0.1,330,0.6,0,0.2,0
0.1,331,3.0,0,0.6,1
0.1,332,3.6,0,1.2,0
0.1,333,0.2,0,0.2,2
0.1,334,6.6,0,1.8,0
0.1,335,1.6,0,1.2,1
0.1,336,1.8,0,0.2,0
0.1,337,0.6,0,0.2,1
0.1,338,0.2,0,0.2,0
0.1,339,1.8,0,0.2,1
0.1,340,1.4,0,1.0,1
0.1,341,4.8,0,0.0,1
0.1,342,0.0,0,0.0,0
0.1,343,3.0,0,1.4,0
0.1,344,1.2,0,0.4,2
0.1,345,0.0,0,0.0,1
0.1,346,0.2,0,0.2,1
0.1,347,1.4,0,0.2,1
0.1,348,5.0,0,0.2,2
0.1,349,7.0,0,1.4,1
0.1,350,2.4,0,0.0,1
0.1,351,1.0,0,0.2,0
0.1,352,0.4,0,0.0,1
0.1,353,0.8,0,0.0,0
0.1,354,1.2,0,0.0,0
0.1,355,3.4,0,0.2,1
0.1,356,1.2,0,0.4,0
0.1,357,1.4,0,0.2,0
0.1,358,2.2,0,0.2,1
0.1,359,0.4,0,0.4,1
0.1,360,4.4,0,0.0,0
0.1,361,0.8,0,0.0,0
0.1,362,0.4,0,0.4,0
0.1,363,4.4,0,0.4,2
0.1,364,1.0,0,0.2,2
0.1,365,0.6,0,0.2,0
0.1,366,4.6,0,0.2,0
0.1,367,1.0,0,0.2,2
0.1,368,1.8,0,0.2,2
0.1,369,2.2,0,0.2,0
0.1,370,0.4,0,0.4,1
0.1,371,0.2,0,0.2,1
0.1,372,0.2,0,0.2,0
0.1,373,1.2,0,0.4,0
0.1,374,0.8,0,0.4,0
0.1,375,4.6,0,0.6,1
0.1,376,3.0,0,1.0,1
0.1,377,1.4,0,0.2,0
0.1,378,3.6,0,1.2,2
0.1,379,0.8,0,0.4,0
0.1,380,1.4,0,0.6,2
0.1,381,6.2,0,0.2,1
0.1,382,4.6,0,0.2,2
0.1,383,2.8,0,0.0,1
0.1,384,4.4,0,2.0,1
0.1,385,3.4,0,0.2,1
0.1,386,0.2,0,0.2,0
0.1,387,0.8,0,0.0,1
0.1,388,1.4,0,0.2,1
0.1,389,0.4,0,0.4,1
0.1,390,2.0,0,0.0,1
0.1,391,0.2,0,0.2,0
0.1,392,0.8,0,0.0,1
0.1,393,2.4,0,0.0,2
0.1,394,2.4,0,0.4,0
0.1,395,3.2,0,0.8,0
0.1,396,0.2,0,0.2,0
0.1,397,2.2,0,0.2,0
0.1,398,1.0,0,0.6,1
0.1,399,7.0,0,1.4,1
0.1,400,1.2,0,0.0,2
0.1,401,2.4,0,0.0,0
0.1,402,1.8,0,0.2,1
0.1,403,1.2,0,0.4,0
0.1,404,1.0,0,0.2,2
0.1,405,2.8,0,0.4,0
0.1,406,5.6,0,0.8,1
0.1,407,3.4,0,1.4,1
0.1,408,0.2,0,0.2,0
0.1,409,1.2,0,0.4,2
0.1,410,1.8,0,0.2,1
0.1,411,3.4,0,0.6,1
0.1,412,0.0,0,0.0,0
0.1,413,1.0,0,1.0,2
0.1,414,0.4,0,0.4,0
0.1,415,5.8,0,0.2,0
0.1,416,1.8,0,0.2,0
0.1,417,1.2,0,0.0,1
0.1,418,0.0,0,0.0,0
0.1,419,1.4,0,0.2,1
0.1,420,2.8,0,0.0,1
0.1,421,1.2,0,0.0,0
0.1,422,6.0,0,1.6,2
0.1,423,2.0,0,0.0,1
0.1,424,0.0,0,0.0,0
0.1,425,3.4,0,0.2,1
0.1,426,0.2,0,0.2,0
0.1,427,3.0,0,0.2,0
0.1,428,0.6,0,0.2,0
0.1,429,0.2,0,0.2,0
0.1,430,2.2,0,0.2,2
0.1,431,15.8,0,0.2,1
0.1,432,10.6,0,0.2,2
0.1,433,0.2,0,0.2,0
0.1,434,0.4,0,0.4,0
0.1,435,0.2,0,0.2,2
0.1,436,2.2,0,0.2,0
0.1,437,0.6,0,0.2,0
0.1,438,0.2,0,0.2,0
0.1,439,0.2,0,0.2,0
0.1,440,3.0,0,1.0,1
0.1,441,0.4,0,0.0,2
0.1,442,3.0,0,0.6,1
0.1,443,6.6,0,1.4,2
0.1,444,0.2,0,0.2,1
0.1,445,1.8,0,0.2,0
0.1,446,2.2,0,0.2,0
0.1,447,1.8,0,0.2,0
0.1,448,3.0,0,0.2,1
0.1,449,0.2,0,0.2,2
0.1,450,0.2,0,0.2,0
0.1,451,0.0,0,0.0,0
0.1,452,0.4,0,0.0,1
0.1,453,1.6,0,0.4,2
0.1,454,4.8,0,0.0,2
0.1,455,0.4,0,0.0,1
0.1,456,1.0,0,0.2,2
0.1,457,0.8,0,0.0,1
0.1,458,2.4,0,0.8,0
0.1,459,13.6,0,1.2,2
0.1,460,4.6,0,3.0,0
0.1,461,0.0,0,0.0,1
0.1,462,1.2,0,0.4,1
0.1,463,4.8,0,0.4,1
0.1,464,3.0,0,0.2,0
0.1,465,1.2,0,0.0,1
0.1,466,1.6,0,0.4,0
0.1,467,1.0,0,0.6,1
0.1,468,1.4,0,0.2,1
0.1,469,0.0,0,0.0,1
0.1,470,0.6,0,0.2,0
0.1,471,1.8,0,0.2,1
0.1,472,0.8,0,0.0,0
0.1,473,0.0,0,0.0,0
0.1,474,2.6,0,0.2,1
0.1,475,1.0,0,1.0,1
0.1,476,0.2,0,0.2,0
0.1,477,0.6,0,0.2,0
0.1,478,3.2,0,1.6,0
0.1,479,0.2,0,0.2,0
0.1,480,0.6,0,0.2,1
0.1,481,13.8,0,0.2,1
0.1,482,2.6,0,0.2,1
0.1,483,1.2,0,0.0,1
0.1,484,3.0,0,0.2,0
0.1,485,2.4,0,2.4,0
0.1,486,2.0,0,0.0,1
0.1,487,1.2,0,0.0,1
0.1,488,0.0,0,0.0,0
0.1,489,0.2,0,0.2,0
0.1,490,1.4,0,0.2,1
0.1,491,1.0,0,0.2,0
0.1,492,0.0,0,0.0,0
0.1,493,0.0,0,0.0,0
0.1,494,0.2,0,0.2,1
0.1,495,0.4,0,0.0,1
0.1,496,2.0,0,0.0,1
0.1,497,7.4,0,0.2,1
0.1,498,2.8,0,0.4,1
0.1,499,2.0,0,0.0,2
0.1,500,2.0,0,0.4,0
0.1,501,1.0,0,0.6,3
0.1,502,0.4,0,0.4,0
0.1,503,0.0,0,0.0,0
0.1,504,0.4,0,0.4,1
0.1,505,3.0,0,1.8,1
0.1,506,1.4,0,0.2,0
0.1,507,0.8,0,0.4,2
0.1,508,0.8,0,0.4,1
0.1,509,0.6,0,0.2,2
0.1,510,7.2,0,3.2,2
0.1,511,0.8,0,0.8,0
0.1,512,1.2,0,0.0,2
0.1,513,0.8,0,0.0,0
0.1,514,0.8,0,0.4,1
0.1,515,5.6,0,0.0,2
0.1,516,1.0,0,0.6,1
0.1,517,0.4,0,0.0,0
0.1,518,2.2,0,0.2,1
0.1,519,0.6,0,0.2,2
0.1,520,3.2,0,0.8,0
0.1,521,1.0,0,0.2,1
0.1,522,0.8,0,0.4,1
0.1,523,0.4,0,0.4,0
0.1,524,0.0,0,0.0,1
0.1,525,3.0,0,0.2,0
0.1,526,0.6,0,0.2,2
0.1,527,0.8,0,0.0,1
0.1,528,0.2,0,0.2,0
0.1,529,2.0,0,0.4,1
0.1,530,0.8,0,0.4,0
0.1,531,0.0,0,0.0,0
0.1,532,0.0,0,0.0,0
0.1,533,0.4,0,0.4,2
0.1,534,1.4,0,1.4,0
0.1,535,1.4,0,0.2,1
0.1,536,8.2,0,0.6,3
0.1,537,0.4,0,0.0,1
0.1,538,2.4,0,1.2,0
0.1,539,0.6,0,0.2,1
0.1,540,0.4,0,0.4,1
0.1,541,0.6,0,0.2,2
0.1,542,5.0,0,0.2,0
0.1,543,0.2,0,0.2,1
0.1,544,4.4,0,0.4,1
0.1,545,0.4,0,0.0,1
0.1,546,4.2,0,0.2,2
0.1,547,8.2,0,1.0,1
0.1,548,1.2,0,0.0,1
0.1,549,0.8,0,0.0,1
0.1,550,1.2,0,0.0,1
0.1,551,2.6,0,0.2,2
0.1,552,0.0,0,0.0,0
0.1,553,1.2,0,0.0,0
0.1,554,1.2,0,0.0,2
0.1,555,0.0,0,0.0,0
0.1,556,3.4,0,0.2,1
0.1,557,1.4,0,0.6,1
0.1,558,0.8,0,0.8,0
0.1,559,0.4,0,0.0,1
0.1,560,0.0,0,0.0,0
0.1,561,17.6,0,1.2,2
0.1,562,0.2,0,0.2,2
0.1,563,1.6,0,0.8,2
0.1,564,0.2,0,0.2,0
0.1,565,8.6,0,0.2,1
0.1,566,3.0,0,1.4,0
0.1,567,1.6,0,0.0,2
0.1,568,0.8,0,0.8,0
0.1,569,0.2,0,0.2,1
0.1,570,0.0,0,0.0,0
0.1,571,0.0,0,0.0,0
0.1,572,1.2,0,0.0,2
0.1,573,1.2,0,0.8,1
0.1,574,0.6,0,0.6,0
0.1,575,1.0,0,0.6,0
0.1,576,0.2,0,0.2,0
0.1,577,0.4,0,0.4,0
0.1,578,0.2,0,0.2,0
0.1,579,0.0,0,0.0,1
0.1,580,4.8,0,0.0,0
0.1,581,0.2,0,0.2,1
0.1,582,0.2,0,0.2,1
0.1,583,3.2,0,0.4,0
0.1,584,2.0,0,0.8,1
0.1,585,1.0,0,0.2,1
0.1,586,1.8,0,0.2,0
0.1,587,0.6,0,0.6,1
0.1,588,0.8,0,0.8,1
0.1,589,0.2,0,0.2,0
0.1,590,0.2,0,0.2,0
0.1,591,5.6,0,0.4,0
0.1,592,0.8,0,0.8,0
0.1,593,7.2,0,0.0,1
0.1,594,3.8,0,0.2,1
0.1,595,0.6,0,0.2,1
0.1,596,2.6,0,0.2,0
0.1,597,0.2,0,0.2,1
0.1,598,0.6,0,0.2,1
0.1,599,0.8,0,0.0,1
0.1,600,8.2,0,0.2,2
0.1,601,1.6,0,0.0,1
0.1,602,6.6,0,0.2,1
0.1,603,0.4,0,0.4,0
0.1,604,0.4,0,0.0,0
0.1,605,1.8,0,1.8,0
0.1,606,0.2,0,0.2,0
0.1,607,1.2,0,0.0,0
0.1,608,0.8,0,0.0,1
0.1,609,1.0,0,0.2,1
0.1,610,1.6,0,0.4,1
0.1,611,5.4,0,0.6,0
0.1,612,0.4,0,0.0,1
0.1,613,3.8,0,0.2,2
0.1,614,1.4,0,1.0,2
0.1,615,0.6,0,0.2,1
0.1,616,0.2,0,0.2,1
0.1,617,1.6,0,0.4,1
0.1,618,0.4,0,0.0,1
0.1,619,1.4,0,0.2,1
0.1,620,0.4,0,0.0,2
0.1,621,0.0,0,0.0,0
0.1,622,3.6,0,0.0,1
0.1,623,1.6,0,0.0,1
0.1,624,5.8,0,2.6,0
0.1,625,0.4,0,0.0,1
0.1,626,0.8,0,0.4,0
0.1,627,0.2,0,0.2,2
0.1,628,1.0,0,1.0,0
0.1,629,0.8,0,0.4,3
0.1,630,0.2,0,0.2,0
0.1,631,0.8,0,0.4,3
0.1,632,0.4,0,0.0,1
0.1,633,0.8,0,0.0,0
0.1,634,0.6,0,0.2,1
0.1,635,1.0,0,0.2,1
0.1,636,0.8,0,0.0,2
0.1,637,1.4,0,0.2,2
0.1,638,1.4,0,0.6,1
0.1,639,2.2,0,1.4,1
0.1,640,0.6,0,0.6,0
0.1,641,2.4,0,0.4,0
0.1,642,0.4,0,0.0,3
0.1,643,2.0,0,0.0,0
0.1,644,1.4,0,0.2,0
0.1,645,1.4,0,0.2,1
0.1,646,2.0,0,0.8,0
0.1,647,0.8,0,0.4,1
0.1,648,0.4,0,0.0,2
0.1,649,1.2,0,0.4,1
0.1,650,0.2,0,0.2,1
0.1,651,0.2,0,0.2,2
0.1,652,5.0,0,0.2,1
0.1,653,7.0,0,0.2,1
0.1,654,4.6,0,3.0,0
0.1,655,0.2,0,0.2,0
0.1,656,0.2,0,0.2,0
0.1,657,9.8,0,0.2,1
0.1,658,0.8,0,0.8,0
0.1,659,2.2,0,2.2,0
0.1,660,10.0,0,0.0,1
0.1,661,2.2,0,0.2,1
0.1,662,0.4,0,0.4,0
0.1,663,0.0,0,0.0,1
0.1,664,1.0,0,0.2,0
0.1,665,2.0,0,0.0,1
0.1,666,1.2,0,0.0,1
0.1,667,0.6,0,0.2,0
0.1,668,1.0,0,0.2,2
0.1,669,0.8,0,0.0,0
0.1,670,2.0,0,0.0,0
0.1,671,3.0,0,0.2,1
0.1,672,6.4,0,0.0,0
0.1,673,1.6,0,0.0,0
0.1,674,0.6,0,0.6,0
0.1,675,1.8,0,0.2,3
0.1,676,0.2,0,0.2,2
0.1,677,0.6,0,0.2,1
0.1,678,1.2,0,1.2,0
0.1,679,1.4,0,0.2,0
0.1,680,0.2,0,0.2,0
0.1,681,1.8,0,0.2,0
0.1,682,0.6,0,0.2,2
0.1,683,2.4,0,0.0,1
0.1,684,0.8,0,0.0,1
0.1,685,0.8,0,0.0,1
0.1,686,0.0,0,0.0,0
0.1,687,0.6,0,0.6,0
0.1,688,0.0,0,0.0,0
0.1,689,0.8,0,0.4,1
0.1,690,1.6,0,0.4,0
0.1,691,0.4,0,0.4,0
0.1,692,2.4,0,0.0,1
0.1,693,4.8,0,0.4,1
0.1,694,0.0,0,0.0,0
0.1,695,0.4,0,0.0,1
0.1,696,0.8,0,0.4,0
0.1,697,0.6,0,0.2,2
0.1,698,0.0,0,0.0,0
0.1,699,2.4,0,0.4,1
0.1,700,1.0,0,0.2,2
0.1,701,0.4,0,0.0,0
0.1,702,6.6,0,0.6,0
0.1,703,4.2,0,0.2,1
0.1,704,8.4,0,8.0,0
0.1,705,3.0,0,0.2,2
0.1,706,0.4,0,0.0,1
0.1,707,0.2,0,0.2,0
0.1,708,0.6,0,0.2,1
0.1,709,1.0,0,0.2,1
0.1,710,2.0,0,0.0,1
0.1,711,3.0,0,0.2,1
0.1,712,0.2,0,0.2,0
0.1,713,2.6,0,0.2,2
0.1,714,0.2,0,0.2,0
0.1,715,1.6,0,0.4,0
0.1,716,5.0,0,0.2,1
0.1,717,0.6,0,0.2,0
0.1,718,1.6,0,0.4,1
0.1,719,0.8,0,0.8,0
0.1,720,0.0,0,0.0,0
0.1,721,1.0,0,0.2,1
0.1,722,0.6,0,0.2,0
0.1,723,6.2,0,0.2,1
0.1,724,0.2,0,0.2,0
0.1,725,0.6,0,0.2,1
0.1,726,3.2,0,0.8,1
0.1,727,0.8,0,0.0,1
0.1,728,0.8,0,0.0,1
0.1,729,2.8,0,0.0,1
0.1,730,0.2,0,0.2,0
0.1,731,10.2,0,1.0,1
0.1,732,2.6,0,0.6,1
0.1,733,1.2,0,0.4,0
0.1,734,3.8,0,0.2,0
0.1,735,0.8,0,0.0,1
0.1,736,10.4,0,0.0,1
0.1,737,0.4,0,0.0,0
0.1,738,0.4,0,0.4,0
0.1,739,1.8,0,0.2,2
0.1,740,0.0,0,0.0,0
0.1,741,1.0,0,0.2,0
0.1,742,1.6,0,0.4,0
0.1,743,0.0,0,0.0,0
0.1,744,2.0,0,0.4,0
0.1,745,2.0,0,0.4,0
0.1,746,0.2,0,0.2,0
0.1,747,0.0,0,0.0,1
0.1,748,0.2,0,0.2,1
0.1,749,2.4,0,0.0,2
0.1,750,2.2,0,0.6,1
0.1,751,5.8,0,0.2,0
0.1,752,0.6,0,0.6,0
0.1,753,0.0,0,0.0,0
0.1,754,1.4,0,0.2,1
0.1,755,6.4,0,1.2,1
0.1,756,0.4,0,0.4,2
0.1,757,7.2,0,0.4,1
0.1,758,0.6,0,0.2,1
0.1,759,0.6,0,0.2,1
0.1,760,1.0,0,0.2,1
0.1,761,3.2,0,0.4,1
0.1,762,0.4,0,0.0,0
0.1,763,0.4,0,0.0,2
0.1,764,1.0,0,0.2,1
0.1,765,1.8,0,0.6,1
0.1,766,2.0,0,0.0,0
0.1,767,0.6,0,0.2,1
0.1,768,6.0,0,0.0,0
0.1,769,0.4,0,0.4,1
0.1,770,1.0,0,0.2,1
0.1,771,2.0,0,0.0,1
0.1,772,0.2,0,0.2,0
0.1,773,2.4,0,0.0,0
0.1,774,0.2,0,0.2,0
0.1,775,0.4,0,0.4,0
0.1,776,0.8,0,0.0,0
0.1,777,4.6,0,0.6,1
0.1,778,3.6,0,0.4,0
0.1,779,0.2,0,0.2,0
0.1,780,7.2,0,0.4,1
0.1,781,0.2,0,0.2,0
0.1,782,0.6,0,0.6,1
0.1,783,0.6,0,0.2,1
0.1,784,0.2,0,0.2,2
0.1,785,3.4,0,0.6,0
0.1,786,1.2,0,0.0,1
0.1,787,1.8,0,0.2,1
0.1,788,3.8,0,0.2,2
0.1,789,3.6,0,0.4,1
0.1,790,0.8,0,0.8,0
0.1,791,6.4,0,0.0,0
0.1,792,1.2,0,0.0,1
0.1,793,2.2,0,0.2,1
0.1,794,0.2,0,0.2,0
0.1,795,2.4,0,0.8,1
0.1,796,0.0,0,0.0,0
0.1,797,6.0,0,0.0,0
0.1,798,1.0,0,0.2,0
0.1,799,2.0,0,1.2,1
0.1,800,1.8,0,0.2,1
0.1,801,0.0,0,0.0,2
0.1,802,4.0,0,0.0,0
0.1,803,1.0,0,0.6,1
0.1,804,3.6,0,0.0,1
0.1,805,1.2,0,1.2,1
0.1,806,0.2,0,0.2,0
0.1,807,1.2,0,0.0,1
0.1,808,0.2,0,0.2,0
0.1,809,0.4,0,0.4,1
0.1,810,7.6,0,0.0,0
0.1,811,1.2,0,0.0,2
0.1,812,1.8,0,0.6,0
0.1,813,1.4,0,1.0,2
0.1,814,1.8,0,0.2,1
0.1,815,3.0,0,0.2,2
0.1,816,0.4,0,0.4,1
0.1,817,1.4,0,0.2,1
0.1,818,3.0,0,0.2,1
0.1,819,3.4,0,0.6,1
0.1,820,3.6,0,0.0,0
0.1,821,0.4,0,0.4,1
0.1,822,0.6,0,0.2,0
0.1,823,0.6,0,0.6,0
0.1,824,1.2,0,0.4,0
0.1,825,1.4,0,0.2,2
0.1,826,0.4,0,0.0,0
0.1,827,1.2,0,0.4,2
0.1,828,4.0,0,0.8,0
0.1,829,3.0,0,1.0,0
0.1,830,2.0,0,1.2,1
0.1,831,0.2,0,0.2,0
0.1,832,9.8,0,0.2,1
0.1,833,0.0,0,0.0,0
0.1,834,1.2,0,0.0,0
0.1,835,0.2,0,0.2,0
0.1,836,1.6,0,0.4,0
0.1,837,0.2,0,0.2,1
0.1,838,0.2,0,0.2,0
0.1,839,0.8,0,0.0,2
0.1,840,0.8,0,0.0,1
0.1,841,1.0,0,1.0,0
0.1,842,0.6,0,0.2,1
0.1,843,2.0,0,0.8,1
0.1,844,0.8,0,0.4,2
0.1,845,0.8,0,0.0,1
0.1,846,2.0,0,0.0,0
0.1,847,0.8,0,0.0,1
0.1,848,6.0,0,0.0,1
0.1,849,0.6,0,0.6,0
0.1,850,0.6,0,0.2,0
0.1,851,4.4,0,0.8,0
0.1,852,0.2,0,0.2,0
0.1,853,0.4,0,0.0,3
0.1,854,2.8,0,2.8,1
0.1,855,0.8,0,0.0,0
0.1,856,0.2,0,0.2,0
0.1,857,13.0,0,0.6,1
0.1,858,0.8,0,0.4,0
0.1,859,2.6,0,0.2,0
0.1,860,2.2,0,0.2,1
0.1,861,3.4,0,0.2,1
0.1,862,3.4,0,1.4,2
0.1,863,0.6,0,0.2,0
0.1,864,8.2,0,0.6,1
0.1,865,0.4,0,0.0,0
0.1,866,0.8,0,0.0,1
0.1,867,3.0,0,0.2,1
0.1,868,0.4,0,0.0,1
0.1,869,0.6,0,0.2,0
0.1,870,5.6,0,0.4,0
0.1,871,2.2,0,0.2,1
0.1,872,0.2,0,0.2,0
0.1,873,1.0,0,0.2,1
0.1,874,4.2,0,0.2,2
0.1,875,0.2,0,0.2,1
0.1,876,3.6,0,0.4,1
0.1,877,5.8,0,0.6,2
0.1,878,3.4,0,0.2,1
0.1,879,2.4,0,0.4,0
0.1,880,0.8,0,0.0,0
0.1,881,1.0,0,0.2,1
0.1,882,1.8,0,0.2,1
0.1,883,2.6,0,0.2,1
0.1,884,0.0,0,0.0,0
0.1,885,0.4,0,0.0,1
0.1,886,9.0,0,0.2,1
0.1,887,7.8,0,0.6,2
0.1,888,0.2,0,0.2,0
0.1,889,4.2,0,0.2,1
0.1,890,0.2,0,0.2,0
0.1,891,2.6,0,1.0,1
0.1,892,0.8,0,0.4,2
0.1,893,1.0,0,0.2,1
0.1,894,1.0,0,0.2,1
0.1,895,1.6,0,0.0,0
0.1,896,2.0,0,0.4,1
0.1,897,0.2,0,0.2,1
0.1,898,0.4,0,0.4,0
0.1,899,11.4,0,0.2,1
0.1,900,4.4,0,0.4,2
0.1,901,4.6,0,0.6,2
0.1,902,1.8,0,0.2,0
0.1,903,0.0,0,0.0,0
0.1,904,0.6,0,0.6,0
0.1,905,5.2,0,0.0,1
0.1,906,0.0,0,0.0,0
0.1,907,0.2,0,0.2,0
0.1,908,0.4,0,0.0,1
0.1,909,2.0,0,0.0,1
0.1,910,4.4,0,3.2,1
0.1,911,1.4,0,0.6,1
0.1,912,1.2,0,0.0,1
0.1,913,0.8,0,0.0,0
0.1,914,5.2,0,0.0,1
0.1,915,3.6,0,0.0,1
0.1,916,0.2,0,0.2,0
0.1,917,0.0,0,0.0,0
0.1,918,5.8,0,0.2,2
0.1,919,8.2,0,0.2,1
0.1,920,0.4,0,0.0,1
0.1,921,3.0,0,0.2,1
0.1,922,6.4,0,0.8,0
0.1,923,1.2,0,0.0,0
0.1,924,0.2,0,0.2,0
0.1,925,0.2,0,0.2,1
0.1,926,4.2,0,0.2,0
0.1,927,0.4,0,0.4,0
0.1,928,0.4,0,0.0,1
0.1,929,2.0,0,0.4,0
0.1,930,0.6,0,0.2,0
0.1,931,4.2,0,0.2,1
0.1,932,10.8,0,0.4,1
0.1,933,1.8,0,0.6,2
0.1,934,3.6,0,0.4,2
0.1,935,1.0,0,0.2,1
0.1,936,3.6,0,0.0,0
0.1,937,4.2,0,0.2,1
0.1,938,0.2,0,0.2,0
0.1,939,0.8,0,0.0,2
0.1,940,0.6,0,0.2,1
0.1,941,1.2,0,0.8,1
0.1,942,1.6,0,0.0,1
0.1,943,0.2,0,0.2,0
0.1,944,0.8,0,0.8,0
0.1,945,0.4,0,0.4,0
0.1,946,4.6,0,0.2,0
0.1,947,3.8,0,0.2,1
0.1,948,5.2,0,4.4,1
0.1,949,1.6,0,0.0,0
0.1,950,1.0,0,0.2,0
0.1,951,1.4,0,0.6,2
0.1,952,0.4,0,0.0,2
0.1,953,2.6,0,1.0,2
0.1,954,4.6,0,0.2,1
0.1,955,1.0,0,0.2,0
0.1,956,14.6,0,0.2,1
0.1,957,0.2,0,0.2,1
0.1,958,0.2,0,0.2,0
0.1,959,0.8,0,0.0,0
0.1,960,0.2,0,0.2,0
0.1,961,2.4,0,0.4,1
0.1,962,2.8,0,0.0,1
0.1,963,2.4,0,0.0,1
0.1,964,0.2,0,0.2,0
0.1,965,1.4,0,0.2,1
0.1,966,0.2,0,0.2,0
0.1,967,1.0,0,0.2,1
0.1,968,1.8,0,0.2,1
0.1,969,2.0,0,0.4,1
0.1,970,0.2,0,0.2,0
0.1,971,2.2,0,0.6,0
0.1,972,0.8,0,0.4,1
0.1,973,0.6,0,0.6,0
0.1,974,1.2,0,0.0,0
0.1,975,5.0,0,0.2,0
0.1,976,13.8,0,0.6,0
0.1,977,2.0,0,0.0,1
0.1,978,1.2,0,0.0,1
0.1,979,4.8,0,0.4,0
0.1,980,3.0,0,0.2,1
0.1,981,3.6,0,0.0,1
0.1,982,1.6,0,0.4,2
0.1,983,13.6,0,0.8,0
0.1,984,0.2,0,0.2,0
0.1,985,3.2,0,1.2,2
0.1,986,3.2,0,0.4,0
0.1,987,0.8,0,0.0,1
0.1,988,0.6,0,0.2,1
0.1,989,0.4,0,0.0,1
0.1,990,0.4,0,0.4,0
0.1,991,1.8,0,0.2,1
0.1,992,1.8,0,0.2,0
0.1,993,0.6,0,0.6,0
0.1,994,1.0,0,0.2,0
0.1,995,5.4,0,0.2,1
0.1,996,8.6,0,0.2,0
0.1,997,0.4,0,0.4,0
0.1,998,3.8,0,0.2,1
0.1,999,1.0,0,0.2,0
0.2,0,1.6,0,0.0,0
0.2,1,4.6,0,0.2,1
0.2,2,0.4,0,0.4,1
0.2,3,2.0,0,1.2,1
0.2,4,1.8,0,0.2,1
0.2,5,21.2,0,0.0,0
0.2,6,2.2,0,0.2,0
0.2,7,2.4,0,0.0,2
0.2,8,0.2,0,0.2,2
0.2,9,0.4,0,0.4,1
0.2,10,1.8,0,0.2,1
0.2,11,0.8,0,0.0,0
0.2,12,3.6,0,0.0,1
0.2,13,1.4,0,0.6,2
0.2,14,3.0,0,0.2,1
0.2,15,4.0,0,0.0,1
0.2,16,0.8,0,0.0,1
0.2,17,1.2,0,0.0,2
0.2,18,1.2,0,0.4,0
0.2,19,0.6,0,0.6,0
0.2,20,1.0,0,0.2,2
0.2,21,1.8,0,0.2,1
0.2,22,0.8,0,0.8,0
0.2,23,1.6,0,0.0,1
0.2,24,3.4,0,0.6,2
0.2,25,1.0,0,0.2,1
0.2,26,0.2,0,0.2,0
0.2,27,1.2,0,0.0,1
0.2,28,4.8,0,0.0,1
0.2,29,5.8,0,0.2,1
0.2,30,2.6,0,0.6,0
0.2,31,0.2,0,0.2,0
0.2,32,4.2,0,1.0,1
0.2,33,0.4,0,0.0,0
0.2,34,2.6,0,1.0,2
0.2,35,0.2,0,0.2,0
0.2,36,0.8,0,0.4,1
0.2,37,2.8,0,0.4,1
0.2,38,4.6,0,0.6,1
0.2,39,3.2,0,0.0,1
0.2,40,1.6,0,0.0,1
0.2,41,2.0,0,0.4,1
0.2,42,1.0,0,0.2,1
0.2,43,3.2,0,0.8,1
0.2,44,1.6,0,0.4,0
0.2,45,0.8,0,0.4,0
0.2,46,0.4,0,0.0,2
0.2,47,1.6,0,0.8,2
0.2,48,2.6,0,0.6,0
0.2,49,0.4,0,0.0,0
0.2,50,1.8,0,0.2,0
0.2,51,1.0,0,0.2,1
0.2,52,0.8,0,0.4,1
0.2,53,0.8,0,0.0,1
0.2,54,0.4,0,0.0,1
0.2,55,0.6,0,0.2,2
0.2,56,0.0,0,0.0,0
0.2,57,0.6,0,0.6,1
0.2,58,0.6,0,0.2,1
0.2,59,0.4,0,0.0,1
0.2,60,3.0,0,0.2,1
0.2,61,1.6,0,1.2,0
0.2,62,8.2,0,2.2,1
0.2,63,0.2,0,0.2,3
0.2,64,0.8,0,0.0,1
0.2,65,11.2,0,0.4,1
0.2,66,1.4,0,0.2,0
0.2,67,0.2,0,0.2,0
0.2,68,3.2,0,0.0,0
0.2,69,0.6,0,0.2,2
0.2,70,0.0,0,0.0,0
0.2,71,5.6,0,0.0,1
0.2,72,1.8,0,0.2,2
0.2,73,3.6,0,0.4,1
0.2,74,3.0,0,0.2,0
0.2,75,1.4,0,0.2,0
0.2,76,1.2,0,1.2,0
0.2,77,1.0,0,1.0,1
0.2,78,0.6,0,0.6,0
0.2,79,0.2,0,0.2,0
0.2,80,1.0,0,0.2,0
0.2,81,0.2,0,0.2,2
0.2,82,0.0,0,0.0,0
0.2,83,0.2,0,0.2,0
0.2,84,1.0,0,0.2,1
0.2,85,0.2,0,0.2,0
0.2,86,1.2,0,0.0,0
0.2,87,1.0,0,0.2,0
0.2,88,0.8,0,0.4,0
0.2,89,1.6,0,0.4,1
0.2,90,1.4,0,0.2,1
0.2,91,0.4,0,0.0,1
0.2,92,0.2,0,0.2,1
0.2,93,0.4,0,0.0,1
0.2,94,10.4,0,0.8,0
0.2,95,10.0,0,0.4,2
0.2,96,2.4,0,0.0,2
0.2,97,0.4,0,0.4,0
0.2,98,9.4,0,0.2,1
0.2,99,4.0,0,0.4,0
0.2,100,0.6,0,0.2,3
0.2,101,2.4,0,0.0,0
0.2,102,3.4,0,0.2,0
0.2,103,6.2,0,1.0,1
0.2,104,0.0,0,0.0,0
0.2,105,3.2,0,0.0,1
0.2,106,3.6,0,0.4,1
0.2,107,2.4,0,0.4,2
0.2,108,0.8,0,0.8,0
0.2,109,1.2,0,0.0,1
0.2,110,1.0,0,1.0,0
0.2,111,5.6,0,0.0,0
0.2,112,8.6,0,6.2,1
0.2,113,4.4,0,0.4,1
0.2,114,4.0,0,0.0,0
0.2,115,3.4,0,0.6,1
0.2,116,0.2,0,0.2,1
0.2,117,0.4,0,0.4,0
0.2,118,2.2,0,0.2,0
0.2,119,3.8,0,0.2,0
0.2,120,5.6,0,0.8,1
0.2,121,1.4,0,0.2,3
0.2,122,0.0,0,0.0,0
0.2,123,0.6,0,0.2,2
0.2,124,0.4,0,0.0,0
0.2,125,0.4,0,0.0,2
0.2,126,4.0,0,0.4,0
0.2,127,4.4,0,0.8,2
0.2,128,1.4,0,0.2,0
0.2,129,0.6,0,0.2,1
0.2,130,0.4,0,0.4,1
0.2,131,1.4,0,1.0,1
0.2,132,1.2,0,0.4,1
0.2,133,1.0,0,0.2,0
0.2,134,3.4,0,0.2,1
0.2,135,1.0,0,1.0,0
0.2,136,2.0,0,0.0,2
0.2,137,0.0,0,0.0,0
0.2,138,1.2,0,0.0,1
0.2,139,0.2,0,0.2,0
0.2,140,0.0,0,0.0,0
0.2,141,10.8,0,0.0,0
0.2,142,2.0,0,0.4,2
0.2,143,0.2,0,0.2,0
0.2,144,0.0,0,0.0,1
0.2,145,3.8,0,0.2,1
0.2,146,0.4,0,0.4,0
0.2,147,0.6,0,0.6,1
0.2,148,1.4,0,0.6,1
0.2,149,3.2,0,0.0,0
0.2,150,0.4,0,0.0,0
0.2,151,7.0,0,0.2,1
0.2,152,0.6,0,0.2,0
0.2,153,1.6,0,0.4,1
0.2,154,2.2,0,0.2,1
0.2,155,0.0,0,0.0,0
0.2,156,0.4,0,0.0,1
0.2,157,6.4,0,0.8,2
0.2,158,0.2,0,0.2,1
0.2,159,1.4,0,0.2,1
0.2,160,3.2,0,0.4,2
0.2,161,0.4,0,0.4,1
0.2,162,0.0,0,0.0,2
0.2,163,0.6,0,0.2,2
0.2,164,4.6,0,0.2,1
0.2,165,1.0,0,0.6,0
0.2,166,0.0,0,0.0,0
0.2,167,6.4,0,0.4,1
0.2,168,2.0,0,0.4,1
0.2,169,1.4,0,0.2,1
0.2,170,2.4,0,0.4,0
0.2,171,2.2,0,1.0,2
0.2,172,1.0,0,0.2,2
0.2,173,8.2,0,0.2,0
0.2,174,0.2,0,0.2,2
0.2,175,1.2,0,0.0,0
0.2,176,0.8,0,0.0,1
0.2,177,1.6,0,0.8,1
0.2,178,1.0,0,0.2,1
0.2,179,0.8,0,0.0,0
0.2,180,1.4,0,0.2,1
0.2,181,0.4,0,0.0,1
0.2,182,0.4,0,0.0,1
0.2,183,1.8,0,0.2,0
0.2,184,9.2,0,0.0,3
0.2,185,10.2,0,0.6,1
0.2,186,1.4,0,0.2,2
0.2,187,0.6,0,0.2,1
0.2,188,0.4,0,0.0,1
0.2,189,0.4,0,0.0,1
0.2,190,2.6,0,0.2,0
0.2,191,1.2,0,1.2,2
0.2,192,0.0,0,0.0,0
0.2,193,3.0,0,0.2,1
0.2,194,1.6,0,0.0,1
0.2,195,5.2,0,0.8,0
0.2,196,5.0,0,0.2,1
0.2,197,2.8,0,0.8,2
0.2,198,9.2,0,0.0,0
0.2,199,1.4,0,0.2,1
0.2,200,5.8,0,0.2,1
0.2,201,1.4,0,0.2,1
0.2,202,0.4,0,0.0,1
0.2,203,0.6,0,0.2,1
0.2,204,2.0,0,0.0,1
0.2,205,3.8,0,0.2,0
0.2,206,6.8,0,0.4,0
0.2,207,2.4,0,0.0,1
0.2,208,0.2,0,0.2,0
0.2,209,0.2,0,0.2,1
0.2,210,0.8,0,0.4,1
0.2,211,1.6,0,0.4,2
0.2,212,1.8,0,0.2,1
0.2,213,0.8,0,0.4,2
0.2,214,0.0,0,0.0,0
0.2,215,1.0,0,0.2,1
0.2,216,12.8,0,0.0,1
0.2,217,1.6,0,0.4,0
0.2,218,1.0,0,0.2,1
0.2,219,1.0,0,0.2,0
0.2,220,2.2,0,0.2,1
0.2,221,0.0,0,0.0,0
0.2,222,0.0,0,0.0,1
0.2,223,1.2,0,0.0,1
0.2,224,3.2,0,0.4,2
0.2,225,0.0,0,0.0,0
0.2,226,2.2,0,0.6,0
0.2,227,3.8,0,1.8,0
0.2,228,0.8,0,0.0,0
0.2,229,0.4,0,0.4,1
0.2,230,0.6,0,0.2,2
0.2,231,1.4,0,1.0,1
0.2,232,1.0,0,0.6,1
0.2,233,4.8,0,0.4,1
0.2,234,1.4,0,0.6,2
0.2,235,0.4,0,0.4,0
0.2,236,0.6,0,0.2,0
0.2,237,4.0,0,0.4,2
0.2,238,0.4,0,0.4,0
0.2,239,0.8,0,0.4,2
0.2,240,3.8,0,0.2,1
0.2,241,4.4,0,0.4,1
0.2,242,0.2,0,0.2,0
0.2,243,1.0,0,0.6,0
0.2,244,3.6,0,0.0,1
0.2,245,0.6,0,0.2,0
0.2,246,0.6,0,0.2,2
0.2,247,0.2,0,0.2,1
0.2,248,1.8,0,0.2,1
0.2,249,1.0,0,0.2,1
0.2,250,4.2,0,0.2,2
0.2,251,4.6,0,0.2,1
0.2,252,1.0,0,0.2,1
0.2,253,2.2,0,1.0,1
0.2,254,1.4,0,0.2,1
0.2,255,2.8,0,0.8,1
0.2,256,0.2,0,0.2,1
0.2,257,0.4,0,0.0,1
0.2,258,0.4,0,0.0,2
0.2,259,0.2,0,0.2,3
0.2,260,0.4,0,0.0,1
0.2,261,14.2,0,0.2,1
0.2,262,0.8,0,0.8,1
0.2,263,11.4,0,9.0,1
0.2,264,1.0,0,0.2,1
0.2,265,2.4,0,0.0,2
0.2,266,9.0,0,0.2,1
0.2,267,0.6,0,0.6,0
0.2,268,2.0,0,0.4,1
0.2,269,0.2,0,0.2,2
0.2,270,2.0,0,0.0,1
0.2,271,2.0,0,0.0,1
0.2,272,0.6,0,0.2,0
0.2,273,1.6,0,0.4,2
0.2,274,2.2,0,0.2,1
0.2,275,1.4,0,0.2,2
0.2,276,0.2,0,0.2,2
0.2,277,6.0,0,0.4,1
0.2,278,2.2,0,0.6,1
0.2,279,2.2,0,0.2,2
0.2,280,1.0,0,0.6,0
0.2,281,1.2,0,0.0,1
0.2,282,0.2,0,0.2,0
0.2,283,0.4,0,0.4,0
0.2,284,4.0,0,0.4,1
0.2,285,1.6,0,0.0,0
0.2,286,0.0,0,0.0,0
0.2,287,1.0,0,0.2,1
0.2,288,0.0,0,0.0,1
0.2,289,1.0,0,0.2,3
0.2,290,2.2,0,0.2,0
0.2,291,0.8,0,0.4,0
0.2,292,0.2,0,0.2,1
0.2,293,0.8,0,0.0,1
0.2,294,1.6,0,0.8,0
0.2,295,1.2,0,0.4,2
0.2,296,4.4,0,1.6,2
0.2,297,3.2,0,0.0,1
0.2,298,6.0,0,0.4,1
0.2,299,0.6,0,0.6,0
0.2,300,3.2,0,0.4,1
0.2,301,3.4,0,0.2,1
0.2,302,3.4,0,1.4,0
0.2,303,2.0,0,0.0,2
0.2,304,0.6,0,0.2,1
0.2,305,0.2,0,0.2,0
0.2,306,0.4,0,0.0,1
0.2,307,2.8,0,0.4,1
0.2,308,1.4,0,1.4,2
0.2,309,2.4,0,1.2,0
0.2,310,0.6,0,0.6,1
0.2,311,4.0,0,0.4,2
0.2,312,4.8,0,0.0,0
0.2,313,4.6,0,0.6,1
0.2,314,0.0,0,0.0,0
0.2,315,1.2,0,0.8,1
0.2,316,4.4,0,0.4,0
0.2,317,2.2,0,0.2,1
0.2,318,0.6,0,0.6,1
0.2,319,0.6,0,0.2,0
0.2,320,0.4,0,0.4,2
0.2,321,3.4,0,0.2,1
0.2,322,5.8,0,0.2,1
0.2,323,4.6,0,1.0,0
0.2,324,2.8,0,0.4,1
0.2,325,1.0,0,0.2,2
0.2,326,0.2,0,0.2,0
0.2,327,0.8,0,0.4,1
0.2,328,2.6,0,0.2,2
0.2,329,0.4,0,0.0,2
0.2,330,0.2,0,0.2,0
0.2,331,0.2,0,0.2,1
0.2,332,0.4,0,0.0,1
0.2,333,3.8,0,0.2,0
0.2,334,0.6,0,0.6,1
0.2,335,3.4,0,0.2,1
0.2,336,2.4,0,0.4,1
0.2,337,1.0,0,0.2,0
0.2,338,0.6,0,0.6,1
0.2,339,1.8,0,0.2,3
0.2,340,5.2,0,0.8,0
0.2,341,1.4,0,0.2,1
0.2,342,0.0,0,0.0,0
0.2,343,4.4,0,0.4,1
0.2,344,0.0,0,0.0,0
0.2,345,1.2,0,0.8,2
0.2,346,0.0,0,0.0,0
0.2,347,1.6,0,1.2,1
0.2,348,0.8,0,0.0,2
0.2,349,5.6,0,1.6,0
0.2,350,2.8,0,1.2,2
0.2,351,0.0,0,0.0,0
0.2,352,8.8,0,0.4,2
0.2,353,7.4,0,0.2,1
0.2,354,0.2,0,0.2,2
0.2,355,10.8,0,0.8,1
0.2,356,2.6,0,0.2,1
0.2,357,10.2,0,0.2,1
0.2,358,17.0,0,2.2,1
0.2,359,1.4,0,0.2,0
0.2,360,1.4,0,0.2,1
0.2,361,5.2,0,0.4,0
0.2,362,2.4,0,0.8,1
0.2,363,0.2,0,0.2,0
0.2,364,5.6,0,0.0,0
0.2,365,0.8,0,0.0,0
0.2,366,1.0,0,0.2,1
0.2,367,0.8,0,0.4,0
0.2,368,0.8,0,0.4,0
0.2,369,1.6,0,0.8,0
0.2,370,1.6,0,0.4,1
0.2,371,2.0,0,0.4,1
0.2,372,0.6,0,0.2,1
0.2,373,1.0,0,0.2,1
0.2,374,1.6,0,0.8,0
0.2,375,7.0,0,0.6,1
0.2,376,1.0,0,0.2,1
0.2,377,1.2,0,0.4,1
0.2,378,0.2,0,0.2,1
0.2,379,4.4,0,0.4,1
0.2,380,1.0,0,0.2,0
0.2,381,3.2,0,0.0,1
0.2,382,1.4,0,0.2,0
0.2,383,0.6,0,0.2,1
0.2,384,4.2,0,0.6,1
0.2,385,0.4,0,0.0,1
0.2,386,0.4,0,0.0,1
0.2,387,0.4,0,0.0,1
0.2,388,4.6,0,0.2,1
0.2,389,0.0,0,0.0,0
0.2,390,0.2,0,0.2,1
0.2,391,1.4,0,0.2,3
0.2,392,5.2,0,0.0,0
0.2,393,1.4,0,0.2,1
0.2,394,1.0,0,0.6,0
0.2,395,2.6,0,0.6,0
0.2,396,0.0,0,0.0,0
0.2,397,16.2,0,2.2,1
0.2,398,5.0,0,0.2,1
0.2,399,1.0,0,0.2,1
0.2,400,1.6,0,0.0,0
0.2,401,2.8,0,0.0,0
0.2,402,4.2,0,0.2,1
0.2,403,5.8,0,0.6,1
0.2,404,3.4,0,0.2,2
0.2,405,9.0,0,0.2,0
0.2,406,1.4,0,0.2,0
0.2,407,4.2,0,2.6,0
0.2,408,4.2,0,0.2,0
0.2,409,1.2,0,0.0,0
0.2,410,4.6,0,0.2,0
0.2,411,0.6,0,0.6,0
0.2,412,0.0,0,0.0,0
0.2,413,1.6,0,0.4,1
0.2,414,2.6,0,0.2,0
0.2,415,0.4,0,0.0,2
0.2,416,0.0,0,0.0,0
0.2,417,0.2,0,0.2,0
0.2,418,0.2,0,0.2,0
0.2,419,0.2,0,0.2,1
0.2,420,6.0,0,0.8,1
0.2,421,6.4,0,0.0,1
0.2,422,1.0,0,0.2,0
0.2,423,0.6,0,0.2,2
0.2,424,3.4,0,0.2,1
0.2,425,3.4,0,0.2,1
0.2,426,0.4,0,0.0,1
0.2,427,1.4,0,0.2,0
0.2,428,2.8,0,0.4,0
0.2,429,10.0,0,2.0,1
0.2,430,0.8,0,0.0,1
0.2,431,2.2,0,0.2,2
0.2,432,1.0,0,0.2,0
0.2,433,1.6,0,0.0,0
0.2,434,0.0,0,0.0,2
0.2,435,2.2,0,0.2,1
0.2,436,2.8,0,0.8,0
0.2,437,1.2,0,0.0,1
0.2,438,0.2,0,0.2,0
0.2,439,5.6,0,0.0,0
0.2,440,1.2,0,0.4,1
0.2,441,0.0,0,0.0,0
0.2,442,0.8,0,0.4,2
0.2,443,0.0,0,0.0,1
0.2,444,5.2,0,2.4,3
0.2,445,9.0,0,0.2,1
0.2,446,2.0,0,0.0,2
0.2,447,0.4,0,0.0,1
0.2,448,0.2,0,0.2,0
0.2,449,0.0,0,0.0,0
0.2,450,0.4,0,0.0,1
0.2,451,0.2,0,0.2,0
0.2,452,8.6,0,0.2,0
0.2,453,5.4,0,0.6,1
0.2,454,2.0,0,0.4,1
0.2,455,5.6,0,0.0,1
0.2,456,0.8,0,0.0,2
0.2,457,1.4,0,0.2,2
0.2,458,1.4,0,0.2,1
0.2,459,2.6,0,0.6,0
0.2,460,0.2,0,0.2,0
0.2,461,3.0,0,0.2,1
0.2,462,0.4,0,0.0,0
0.2,463,1.0,0,0.6,0
0.2,464,7.4,0,0.2,2
0.2,465,0.4,0,0.4,1
0.2,466,3.8,0,0.6,1
0.2,467,3.0,0,0.2,1
0.2,468,0.6,0,0.2,1
0.2,469,0.8,0,0.0,0
0.2,470,4.6,0,0.2,1
0.2,471,0.6,0,0.2,1
0.2,472,2.6,0,0.2,0
0.2,473,0.2,0,0.2,0
0.2,474,4.6,0,1.0,1
0.2,475,2.2,0,1.0,1
0.2,476,2.2,0,0.6,1
0.2,477,0.2,0,0.2,0
0.2,478,7.2,0,1.6,1
0.2,479,0.0,0,0.0,0
0.2,480,3.6,0,0.4,1
0.2,481,3.0,0,0.2,0
0.2,482,1.0,0,0.6,2
0.2,483,0.2,0,0.2,0
0.2,484,0.2,0,0.2,0
0.2,485,0.2,0,0.2,0
0.2,486,1.2,0,0.8,2
0.2,487,0.0,0,0.0,0
0.2,488,0.0,0,0.0,0
0.2,489,1.0,0,0.2,1
0.2,490,0.2,0,0.2,0
0.2,491,1.2,0,0.0,3
0.2,492,0.6,0,0.2,1
0.2,493,2.4,0,1.2,1
0.2,494,0.8,0,0.8,0
0.2,495,8.2,0,0.2,0
0.2,496,0.6,0,0.2,1
0.2,497,0.2,0,0.2,1
0.2,498,3.0,0,0.6,2
0.2,499,3.8,0,0.2,0
0.2,500,0.2,0,0.2,0
0.2,501,1.0,0,0.2,0
0.2,502,0.0,0,0.0,0
0.2,503,0.6,0,0.6,0
0.2,504,1.2,0,0.0,1
0.2,505,0.6,0,0.6,0
0.2,506,2.2,0,0.2,1
0.2,507,0.0,0,0.0,0
0.2,508,0.0,0,0.0,0
0.2,509,3.2,0,2.0,0
0.2,510,0.8,0,0.0,0
0.2,511,0.4,0,0.0,0
0.2,512,1.2,0,0.4,1
0.2,513,1.6,0,1.6,0
0.2,514,2.6,0,0.2,1
0.2,515,0.4,0,0.0,1
0.2,516,0.4,0,0.0,1
0.2,517,2.4,0,0.4,0
0.2,518,0.4,0,0.4,2
0.2,519,0.0,0,0.0,1
0.2,520,11.2,0,0.0,1
0.2,521,0.2,0,0.2,2
0.2,522,1.8,0,0.2,2
0.2,523,1.8,0,0.2,0
0.2,524,0.4,0,0.0,2
0.2,525,1.2,0,0.0,1
0.2,526,0.4,0,0.0,1
0.2,527,1.6,0,0.0,0
0.2,528,7.4,0,0.2,2
0.2,529,0.0,0,0.0,1
0.2,530,0.2,0,0.2,3
0.2,531,1.2,0,0.0,0
0.2,532,2.4,0,0.0,1
0.2,533,1.2,0,0.4,1
0.2,534,3.0,0,0.2,2
0.2,535,2.0,0,0.0,0
0.2,536,1.2,0,0.0,0
0.2,537,3.0,0,0.2,0
0.2,538,3.0,0,0.2,0
0.2,539,2.8,0,1.2,0
0.2,540,0.6,0,0.2,0
0.2,541,0.2,0,0.2,0
0.2,542,0.0,0,0.0,1
0.2,543,3.2,0,0.4,2
0.2,544,1.4,0,0.6,1
0.2,545,0.8,0,0.8,0
0.2,546,9.4,0,1.0,0
0.2,547,2.0,0,0.4,1
0.2,548,1.8,0,0.2,1
0.2,549,1.0,0,0.2,0
0.2,550,1.0,0,0.2,0
0.2,551,1.8,0,0.2,1
0.2,552,0.4,0,0.4,0
0.2,553,1.6,0,0.4,1
0.2,554,1.4,0,0.2,1
0.2,555,0.6,0,0.2,1
0.2,556,0.8,0,0.4,0
0.2,557,1.0,0,0.2,0
0.2,558,1.8,0,0.2,1
0.2,559,4.2,0,0.2,0
0.2,560,0.6,0,0.2,0
0.2,561,0.4,0,0.0,0
0.2,562,0.4,0,0.4,1
0.2,563,3.6,0,0.4,1
0.2,564,0.8,0,0.8,0
0.2,565,19.4,0,0.2,0
0.2,566,0.4,0,0.4,0
0.2,567,6.6,0,0.2,2
0.2,568,2.0,0,0.4,1
0.2,569,2.2,0,0.2,1
0.2,570,0.4,0,0.4,0
0.2,571,0.6,0,0.6,1
0.2,572,0.8,0,0.0,0
0.2,573,0.2,0,0.2,0
0.2,574,0.6,0,0.2,2
0.2,575,2.2,0,0.2,1
0.2,576,0.6,0,0.2,1
0.2,577,4.2,0,0.2,2
0.2,578,2.2,0,0.6,3
0.2,579,1.4,0,0.2,0
0.2,580,0.0,0,0.0,0
0.2,581,0.8,0,0.0,0
0.2,582,0.4,0,0.0,0
0.2,583,6.8,0,2.4,2
0.2,584,1.6,0,0.8,0
0.2,585,0.0,0,0.0,1
0.2,586,0.6,0,0.6,0
0.2,587,1.2,0,0.4,1
0.2,588,0.8,0,0.8,1
0.2,589,2.2,0,0.6,2
0.2,590,0.6,0,0.2,0
0.2,591,0.0,0,0.0,0
0.2,592,1.8,0,0.6,1
0.2,593,0.0,0,0.0,0
0.2,594,1.2,0,0.4,2
0.2,595,9.8,0,1.8,1
0.2,596,0.0,0,0.0,0
0.2,597,1.0,0,0.2,1
0.2,598,10.6,0,0.6,0
0.2,599,1.4,0,0.6,1
0.2,600,0.6,0,0.6,0
0.2,601,1.0,0,1.0,0
0.2,602,0.2,0,0.2,0
0.2,603,0.2,0,0.2,0
0.2,604,0.2,0,0.2,1
0.2,605,0.8,0,0.4,2
0.2,606,2.2,0,0.6,1
0.2,607,3.8,0,0.2,0
0.2,608,0.2,0,0.2,1
0.2,609,3.8,0,0.2,0
0.2,610,0.2,0,0.2,2
0.2,611,1.0,0,0.6,0
0.2,612,0.8,0,0.0,1
0.2,613,1.4,0,0.2,0
0.2,614,1.2,0,0.4,0
0.2,615,0.2,0,0.2,1
0.2,616,0.2,0,0.2,0
0.2,617,1.2,0,0.0,0
0.2,618,7.4,0,0.2,2
0.2,619,9.2,0,0.0,2
0.2,620,3.0,0,0.2,3
0.2,621,0.4,0,0.4,0
0.2,622,10.6,0,0.2,1
0.2,623,4.0,0,0.0,1
0.2,624,3.2,0,0.8,1
0.2,625,0.8,0,0.0,0
0.2,626,0.2,0,0.2,0
0.2,627,1.0,0,0.2,0
0.2,628,0.8,0,0.8,0
0.2,629,5.0,0,0.6,0
0.2,630,3.4,0,0.2,2
0.2,631,2.2,0,0.2,1
0.2,632,2.0,0,1.2,1
0.2,633,3.0,0,0.2,2
0.2,634,5.8,0,1.4,1
0.2,635,1.6,0,0.0,1
0.2,636,1.6,0,0.0,2
0.2,637,0.8,0,0.4,1
0.2,638,1.0,0,0.2,1
0.2,639,1.2,0,0.4,1
0.2,640,0.6,0,0.2,1
0.2,641,2.2,0,0.6,1
0.2,642,1.8,0,0.6,0
0.2,643,3.8,0,0.2,1
0.2,644,0.2,0,0.2,0
0.2,645,0.4,0,0.0,2
0.2,646,2.2,0,0.2,2
0.2,647,1.0,0,0.6,1
0.2,648,1.8,0,0.2,1
0.2,649,3.4,0,0.2,1
0.2,650,0.8,0,0.0,0
0.2,651,0.2,0,0.2,0
0.2,652,0.4,0,0.0,1
0.2,653,0.4,0,0.4,0
0.2,654,0.8,0,0.0,2
0.2,655,1.6,0,0.0,2
0.2,656,0.6,0,0.6,0
0.2,657,0.4,0,0.0,0
0.2,658,1.6,0,0.0,0
0.2,659,0.2,0,0.2,0
0.2,660,1.8,0,0.2,1
0.2,661,0.4,0,0.0,1
0.2,662,1.4,0,0.2,1
0.2,663,3.2,0,0.4,0
0.2,664,0.8,0,0.4,1
0.2,665,0.4,0,0.0,0
0.2,666,5.8,0,0.6,2
0.2,667,5.0,0,1.8,0
0.2,668,0.4,0,0.0,1
0.2,669,0.4,0,0.4,1
0.2,670,3.6,0,1.2,0
0.2,671,2.0,0,0.8,1
0.2,672,6.4,0,0.0,0
0.2,673,0.4,0,0.0,1
0.2,674,2.8,0,0.4,1
0.2,675,0.4,0,0.4,2
0.2,676,0.2,0,0.2,1
0.2,677,7.6,0,1.2,1
0.2,678,0.4,0,0.0,0
0.2,679,2.2,0,0.2,0
0.2,680,0.8,0,0.4,0
0.2,681,0.6,0,0.6,1
0.2,682,0.2,0,0.2,0
0.2,683,0.4,0,0.4,0
0.2,684,1.2,0,0.4,1
0.2,685,0.8,0,0.4,1
0.2,686,1.2,0,0.0,1
0.2,687,0.6,0,0.2,1
0.2,688,0.2,0,0.2,0
0.2,689,0.2,0,0.2,1
0.2,690,0.4,0,0.0,1
0.2,691,1.0,0,0.6,0
0.2,692,3.0,0,0.2,1
0.2,693,2.2,0,0.2,1
0.2,694,0.2,0,0.2,0
0.2,695,0.8,0,0.4,0
0.2,696,0.0,0,0.0,1
0.2,697,2.2,0,0.2,0
0.2,698,1.2,0,0.0,0
0.2,699,3.0,0,1.0,1
0.2,700,0.8,0,0.0,2
0.2,701,1.2,0,0.0,2
0.2,702,0.0,0,0.0,0
0.2,703,3.0,0,0.2,3
0.2,704,8.8,0,0.0,0
0.2,705,0.4,0,0.0,1
0.2,706,1.4,0,0.6,0
0.2,707,4.0,0,0.0,1
0.2,708,1.2,0,0.4,2
0.2,709,3.8,0,0.2,0
0.2,710,4.0,0,1.6,0
0.2,711,0.6,0,0.2,0
0.2,712,1.4,0,0.6,1
0.2,713,1.4,0,0.2,0
0.2,714,1.4,0,0.2,2
0.2,715,0.2,0,0.2,0
0.2,716,2.2,0,0.2,0
0.2,717,0.4,0,0.0,1
0.2,718,7.4,0,0.2,0
0.2,719,3.6,0,0.0,1
0.2,720,4.8,0,0.4,1
0.2,721,1.0,0,1.0,0
0.2,722,0.4,0,0.0,1
0.2,723,3.8,0,0.2,1
0.2,724,2.4,0,0.0,1
0.2,725,1.8,0,0.6,0
0.2,726,7.2,0,1.2,2
0.2,727,0.4,0,0.0,1
0.2,728,2.2,0,0.2,2
0.2,729,0.0,0,0.0,0
0.2,730,9.2,0,0.4,0
0.2,731,4.2,0,0.2,0
0.2,732,9.2,0,0.8,0
0.2,733,1.4,0,0.2,1
0.2,734,6.6,0,0.2,0
0.2,735,0.2,0,0.2,0
0.2,736,0.0,0,0.0,1
0.2,737,1.6,0,0.0,0
0.2,738,0.6,0,0.6,0
0.2,739,1.6,0,0.0,0
0.2,740,1.4,0,0.2,1
0.2,741,0.2,0,0.2,1
0.2,742,3.8,0,0.2,1
0.2,743,1.2,0,0.4,0
0.2,744,1.0,0,0.2,0
0.2,745,1.0,0,0.2,0
0.2,746,1.8,0,0.2,2
0.2,747,0.8,0,0.0,1
0.2,748,0.2,0,0.2,1
0.2,749,1.0,0,0.2,1
0.2,750,3.8,0,0.2,2
0.2,751,0.4,0,0.0,2
0.2,752,2.8,0,0.0,2
0.2,753,2.6,0,0.6,0
0.2,754,5.0,0,0.2,0
0.2,755,8.0,0,0.0,0
0.2,756,9.2,0,0.4,0
0.2,757,0.0,0,0.0,0
0.2,758,1.8,0,0.2,0
0.2,759,0.0,0,0.0,0
0.2,760,8.8,0,0.0,1
0.2,761,0.2,0,0.2,0
0.2,762,1.0,0,0.2,0
0.2,763,2.2,0,0.2,1
0.2,764,0.2,0,0.2,0
0.2,765,0.0,0,0.0,0
0.2,766,1.0,0,0.2,1
0.2,767,1.6,0,0.4,1
0.2,768,7.8,0,1.0,1
0.2,769,1.0,0,0.6,1
0.2,770,2.0,0,0.4,0
0.2,771,1.0,0,0.2,0
0.2,772,2.8,0,0.0,0
0.2,773,2.4,0,0.4,1
0.2,774,1.2,0,1.2,0
0.2,775,4.8,0,0.4,4
0.2,776,0.6,0,0.2,1
0.2,777,0.0,0,0.0,0
0.2,778,4.0,0,0.0,1
0.2,779,0.2,0,0.2,0
0.2,780,6.6,0,0.2,0
0.2,781,1.0,0,1.0,0
0.2,782,4.0,0,0.0,1
0.2,783,0.0,0,0.0,1
0.2,784,0.6,0,0.2,0
0.2,785,0.0,0,0.0,0
0.2,786,8.0,0,0.0,1
0.2,787,0.8,0,0.0,1
0.2,788,1.0,0,0.2,1
0.2,789,9.4,0,0.2,2
0.2,790,1.4,0,0.2,0
0.2,791,0.6,0,0.2,1
0.2,792,0.4,0,0.0,0
0.2,793,3.4,0,0.6,2
0.2,794,4.0,0,0.0,1
0.2,795,0.4,0,0.0,1
0.2,796,0.2,0,0.2,1
0.2,797,1.0,0,0.2,1
0.2,798,2.0,0,0.0,1
0.2,799,5.4,0,0.2,2
0.2,800,0.0,0,0.0,1
0.2,801,1.0,0,0.2,2
0.2,802,0.0,0,0.0,0
0.2,803,1.6,0,0.8,1
0.2,804,4.4,0,0.4,1
0.2,805,0.0,0,0.0,0
0.2,806,1.0,0,0.2,1
0.2,807,0.4,0,0.4,0
0.2,808,1.0,0,0.2,0
0.2,809,11.0,0,0.6,0
0.2,810,0.0,0,0.0,0
0.2,811,2.4,0,0.0,1
0.2,812,0.4,0,0.0,1
0.2,813,1.4,0,0.2,1
0.2,814,2.0,0,0.0,0
0.2,815,6.0,0,0.0,0
0.2,816,1.6,0,0.4,0
0.2,817,0.0,0,0.0,0
0.2,818,0.2,0,0.2,1
0.2,819,2.2,0,0.2,2
0.2,820,0.6,0,0.2,2
0.2,821,1.8,0,0.2,1
0.2,822,2.2,0,0.6,1
0.2,823,5.2,0,0.0,1
0.2,824,0.4,0,0.4,0
0.2,825,0.8,0,0.8,0
0.2,826,0.4,0,0.0,1
0.2,827,4.2,0,0.2,0
0.2,828,3.4,0,0.6,1
0.2,829,1.2,0,0.4,1
0.2,830,1.2,0,0.0,1
0.2,831,0.2,0,0.2,1
0.2,832,2.6,0,0.2,1
0.2,833,0.4,0,0.0,0
0.2,834,0.8,0,0.8,0
0.2,835,4.8,0,0.4,0
0.2,836,0.0,0,0.0,0
0.2,837,1.2,0,0.4,2
0.2,838,0.2,0,0.2,1
0.2,839,0.4,0,0.4,0
0.2,840,2.0,0,0.0,0
0.2,841,0.2,0,0.2,0
0.2,842,1.4,0,0.2,0
0.2,843,2.6,0,0.2,0
0.2,844,2.6,0,0.2,0
0.2,845,0.2,0,0.2,0
0.2,846,0.8,0,0.0,0
0.2,847,0.4,0,0.4,0
0.2,848,0.2,0,0.2,1
0.2,849,7.6,0,0.0,1
0.2,850,0.4,0,0.0,1
0.2,851,1.2,0,0.4,1
0.2,852,0.2,0,0.2,0
0.2,853,3.0,0,0.2,0
0.2,854,1.0,0,0.6,1
0.2,855,1.4,0,1.4,2
0.2,856,0.0,0,0.0,1
0.2,857,0.0,0,0.0,0
0.2,858,0.8,0,0.4,0
0.2,859,1.0,0,0.2,1
0.2,860,3.0,0,0.2,0
0.2,861,5.4,0,0.2,2
0.2,862,0.4,0,0.4,0
0.2,863,0.6,0,0.2,0
0.2,864,0.6,0,0.2,1
0.2,865,2.8,0,0.0,0
0.2,866,5.2,0,0.8,1
0.2,867,0.2,0,0.2,0
0.2,868,2.4,0,0.4,1
0.2,869,1.2,0,0.4,1
0.2,870,1.0,0,0.2,1
0.2,871,0.4,0,0.0,0
0.2,872,0.6,0,0.6,0
0.2,873,1.4,0,0.2,1
0.2,874,3.8,0,0.2,0
0.2,875,4.2,0,0.2,2
0.2,876,1.0,0,0.6,1
0.2,877,2.2,0,0.6,1
0.2,878,0.6,0,0.2,0
0.2,879,7.4,0,0.2,0
0.2,880,3.8,0,0.2,1
0.2,881,0.2,0,0.2,0
0.2,882,0.8,0,0.8,0
0.2,883,1.6,0,0.4,0
0.2,884,13.4,0,0.6,1
0.2,885,1.8,0,0.6,1
0.2,886,0.2,0,0.2,0
0.2,887,4.8,0,0.4,1
0.2,888,0.8,0,0.0,0
0.2,889,2.0,0,0.0,1
0.2,890,0.8,0,0.4,0
0.2,891,3.6,0,0.4,0
0.2,892,1.6,0,0.0,0
0.2,893,5.2,0,0.4,0
0.2,894,0.2,0,0.2,0
0.2,895,0.2,0,0.2,1
0.2,896,0.4,0,0.0,1
0.2,897,2.6,0,0.6,1
0.2,898,1.0,0,1.0,0
0.2,899,1.4,0,0.2,3
0.2,900,0.4,0,0.4,0
0.2,901,0.2,0,0.2,0
0.2,902,0.2,0,0.2,0
0.2,903,1.2,0,0.0,2
0.2,904,1.4,0,0.6,0
0.2,905,0.0,0,0.0,0
0.2,906,0.8,0,0.8,0
0.2,907,0.8,0,0.8,0
0.2,908,1.6,0,1.2,1
0.2,909,0.4,0,0.0,1
0.2,910,2.4,0,0.8,1
0.2,911,4.4,0,0.0,0
0.2,912,1.2,0,0.0,1
0.2,913,0.2,0,0.2,1
0.2,914,4.0,0,0.0,1
0.2,915,3.4,0,0.2,2
0.2,916,3.4,0,0.2,1
0.2,917,5.8,0,0.2,0
0.2,918,3.4,0,0.2,1
0.2,919,2.4,0,0.0,0
0.2,920,1.2,0,0.4,1
0.2,921,2.0,0,0.0,0
0.2,922,4.0,0,0.0,1
0.2,923,2.2,0,0.2,1
0.2,924,0.8,0,0.4,1
0.2,925,2.2,0,0.2,1
0.2,926,3.4,0,1.0,0
0.2,927,0.2,0,0.2,0
0.2,928,3.8,0,0.2,1
0.2,929,1.0,0,0.2,1
0.2,930,2.4,0,0.4,1
0.2,931,4.0,0,0.0,0
0.2,932,3.2,0,0.4,1
0.2,933,0.2,0,0.2,0
0.2,934,1.4,0,0.2,1
0.2,935,4.8,0,0.0,1
0.2,936,2.2,0,0.2,0
0.2,937,0.8,0,0.8,0
0.2,938,2.2,0,0.6,1
0.2,939,1.4,0,0.6,1
0.2,940,3.0,0,0.2,1
0.2,941,4.0,0,0.0,1
0.2,942,1.6,0,0.4,1
0.2,943,0.2,0,0.2,0
0.2,944,2.2,0,0.6,0
0.2,945,1.2,0,0.8,1
0.2,946,4.4,0,0.0,1
0.2,947,0.2,0,0.2,0
0.2,948,0.0,0,0.0,0
0.2,949,0.6,0,0.2,1
0.2,950,1.8,0,0.6,0
0.2,951,2.4,0,0.4,0
0.2,952,0.2,0,0.2,1
0.2,953,5.8,0,0.2,0
0.2,954,0.8,0,0.4,0
0.2,955,1.4,0,1.0,1
0.2,956,0.8,0,0.0,1
0.2,957,8.6,0,2.6,3
0.2,958,8.6,0,0.6,2
0.2,959,0.4,0,0.4,0
0.2,960,3.8,0,0.2,0
0.2,961,2.8,0,0.4,0
0.2,962,0.2,0,0.2,0
0.2,963,13.8,0,0.6,2
0.2,964,0.4,0,0.0,2
0.2,965,2.6,0,0.2,0
0.2,966,0.2,0,0.2,0
0.2,967,2.2,0,1.4,1
0.2,968,0.4,0,0.4,2
0.2,969,2.2,0,0.2,1
0.2,970,4.2,0,0.2,1
0.2,971,1.0,0,0.2,1
0.2,972,0.4,0,0.4,0
0.2,973,0.4,0,0.4,0
0.2,974,3.2,0,0.4,0
0.2,975,0.4,0,0.4,1
0.2,976,1.2,0,0.0,1
0.2,977,5.6,0,0.4,0
0.2,978,2.0,0,0.0,1
0.2,979,4.8,0,1.2,1
0.2,980,6.8,0,0.0,0
0.2,981,3.4,0,0.2,1
0.2,982,0.0,0,0.0,0
0.2,983,0.8,0,0.0,1
0.2,984,0.4,0,0.0,0
0.2,985,3.4,0,0.2,0
0.2,986,2.6,0,0.2,0
0.2,987,1.2,0,0.0,1
0.2,988,0.2,0,0.2,0
0.2,989,0.2,0,0.2,0
0.2,990,0.8,0,0.4,1
0.2,991,5.0,0,0.2,1
0.2,992,0.2,0,0.2,1
0.2,993,2.2,0,0.6,1
0.2,994,0.0,0,0.0,0
0.2,995,2.2,0,0.2,1
0.2,996,0.2,0,0.2,0
0.2,997,0.4,0,0.4,1
0.2,998,2.2,0,0.2,1
0.2,999,2.0,0,0.0,2
0.3,0,0.0,0,0.0,0
0.3,1,0.4,0,0.0,1
0.3,2,3.6,0,0.0,2
0.3,3,4.8,0,0.0,0
0.3,4,3.2,0,0.0,2
0.3,5,1.2,0,0.0,0
0.3,6,0.2,0,0.2,0
0.3,7,1.8,0,0.2,1
0.3,8,3.8,0,0.2,1
0.3,9,3.8,0,0.2,1
0.3,10,0.6,0,0.2,1
0.3,11,0.4,0,0.4,0
0.3,12,2.0,0,0.0,1
0.3,13,0.6,0,0.2,0
0.3,14,2.8,0,0.4,2
0.3,15,2.4,0,0.8,1
0.3,16,0.2,0,0.2,1
0.3,17,1.4,0,0.2,0
0.3,18,0.0,0,0.0,0
0.3,19,0.4,0,0.0,0
0.3,20,1.2,0,0.8,1
0.3,21,0.4,0,0.0,1
0.3,22,0.2,0,0.2,0
0.3,23,0.2,0,0.2,0
0.3,24,3.2,0,0.0,1
0.3,25,0.8,0,0.0,0
0.3,26,0.0,0,0.0,0
0.3,27,1.2,0,0.4,2
0.3,28,1.0,0,0.2,1
0.3,29,0.4,0,0.4,0
0.3,30,1.0,0,0.2,1
0.3,31,0.6,0,0.2,1
0.3,32,1.6,0,0.8,0
0.3,33,2.8,0,0.0,0
0.3,34,1.0,0,0.2,2
0.3,35,0.6,0,0.2,1
0.3,36,1.2,0,0.4,1
0.3,37,0.0,0,0.0,0
0.3,38,0.2,0,0.2,0
0.3,39,0.6,0,0.2,2
0.3,40,1.6,0,0.0,0
0.3,41,3.8,0,0.2,1
0.3,42,1.6,0,0.4,1
0.3,43,1.8,0,0.6,3
0.3,44,0.6,0,0.2,1
0.3,45,0.4,0,0.4,1
0.3,46,7.8,0,0.2,1
0.3,47,0.0,0,0.0,0
0.3,48,0.2,0,0.2,0
0.3,49,0.8,0,0.4,0
0.3,50,3.4,0,0.2,1
0.3,51,2.0,0,0.4,1
0.3,52,3.2,0,0.8,2
0.3,53,1.8,0,0.2,1
0.3,54,4.0,0,0.0,1
0.3,55,1.2,0,0.0,0
0.3,56,5.8,0,0.2,2
0.3,57,1.0,0,0.2,2
0.3,58,1.8,0,0.2,0
0.3,59,4.0,0,0.4,1
0.3,60,2.6,0,0.6,1
0.3,61,1.0,0,0.6,0
0.3,62,0.6,0,0.2,0
0.3,63,0.8,0,0.0,2
0.3,64,5.0,0,0.2,2
0.3,65,0.8,0,0.4,0
0.3,66,1.2,0,0.0,2
0.3,67,1.2,0,0.0,0
0.3,68,0.2,0,0.2,0
0.3,69,2.2,0,0.6,2
0.3,70,0.2,0,0.2,0
0.3,71,0.2,0,0.2,1
0.3,72,0.4,0,0.4,0
0.3,73,0.6,0,0.2,0
0.3,74,0.2,0,0.2,2
0.3,75,2.0,0,0.4,1
0.3,76,2.4,0,0.4,0
0.3,77,1.0,0,0.6,1
0.3,78,1.6,0,0.8,1
0.3,79,4.2,0,0.6,1
0.3,80,1.0,0,0.2,1
0.3,81,0.4,0,0.0,2
0.3,82,1.0,0,0.2,0
0.3,83,0.8,0,0.8,0
0.3,84,4.8,0,0.4,1
0.3,85,2.2,0,0.6,0
0.3,86,0.8,0,0.0,1
0.3,87,3.0,0,0.2,0
0.3,88,0.4,0,0.0,1
0.3,89,8.6,0,0.2,1
0.3,90,1.2,0,0.4,0
0.3,91,0.2,0,0.2,1
0.3,92,8.8,0,0.4,0
0.3,93,1.4,0,0.2,1
0.3,94,0.6,0,0.2,2
0.3,95,8.0,0,2.4,1
0.3,96,2.6,0,1.4,1
0.3,97,0.2,0,0.2,0
0.3,98,1.4,0,0.2,0
0.3,99,0.0,0,0.0,0
0.3,100,4.4,0,0.0,1
0.3,101,0.8,0,0.0,1
0.3,102,3.0,0,0.6,1
0.3,103,0.8,0,0.4,2
0.3,104,1.6,0,0.0,0
0.3,105,0.6,0,0.2,1
0.3,106,0.6,0,0.2,1
0.3,107,4.0,0,0.0,1
0.3,108,2.4,0,1.2,0
0.3,109,2.6,0,0.6,1
0.3,110,1.6,0,0.0,0
0.3,111,0.8,0,0.0,0
0.3,112,0.8,0,0.0,1
0.3,113,0.0,0,0.0,0
0.3,114,0.0,0,0.0,0
0.3,115,1.0,0,0.2,2
0.3,116,1.0,0,0.6,2
0.3,117,1.8,0,0.2,0
0.3,118,0.4,0,0.0,1
0.3,119,3.6,0,0.0,1
0.3,120,26.8,0,0.0,1
0.3,121,0.8,0,0.8,3
0.3,122,0.8,0,0.0,2
0.3,123,0.2,0,0.2,2
0.3,124,1.0,0,0.2,2
0.3,125,8.4,0,0.8,1
0.3,126,1.6,0,1.2,1
0.3,127,3.2,0,0.0,0
0.3,128,1.8,0,0.6,1
0.3,129,3.8,0,0.2,0
0.3,130,0.8,0,0.0,2
0.3,131,0.2,0,0.2,1
0.3,132,0.0,0,0.0,0
0.3,133,0.4,0,0.0,1
0.3,134,0.6,0,0.6,0
0.3,135,5.2,0,1.6,2
0.3,136,0.4,0,0.0,1
0.3,137,1.0,0,0.2,1
0.3,138,0.6,0,0.2,1
0.3,139,2.8,0,0.0,2
0.3,140,0.0,0,0.0,2
0.3,141,1.6,0,0.4,0
0.3,142,0.6,0,0.2,1
0.3,143,1.6,0,0.4,0
0.3,144,0.8,0,0.4,1
0.3,145,2.2,0,0.2,2
0.3,146,0.4,0,0.4,0
0.3,147,2.6,0,0.2,1
0.3,148,7.2,0,0.4,1
0.3,149,0.8,0,0.4,2
0.3,150,0.2,0,0.2,2
0.3,151,3.8,0,0.2,1
0.3,152,10.8,0,0.4,1
0.3,153,1.0,0,0.2,2
0.3,154,1.8,0,0.2,1
0.3,155,5.4,0,0.2,0
0.3,156,0.2,0,0.2,0
0.3,157,5.2,0,0.0,1
0.3,158,3.4,0,0.2,1
0.3,159,2.2,0,0.2,0
0.3,160,0.0,0,0.0,2
0.3,161,0.0,0,0.0,0
0.3,162,2.2,0,1.0,1
0.3,163,0.2,0,0.2,0
0.3,164,3.2,0,0.0,1
0.3,165,3.6,0,0.4,1
0.3,166,0.6,0,0.6,2
0.3,167,7.6,0,0.0,0
0.3,168,4.0,0,0.4,0
0.3,169,1.2,0,0.0,0
0.3,170,0.6,0,0.2,0
0.3,171,1.8,0,0.2,2
0.3,172,2.2,0,0.2,1
0.3,173,0.4,0,0.0,1
0.3,174,1.6,0,0.0,0
0.3,175,6.8,0,0.8,0
0.3,176,0.2,0,0.2,0
0.3,177,6.8,0,0.4,1
0.3,178,2.6,0,0.2,2
0.3,179,7.2,0,2.0,2
0.3,180,0.6,0,0.6,2
0.3,181,0.6,0,0.2,0
0.3,182,0.2,0,0.2,0
0.3,183,6.2,0,0.2,0
0.3,184,1.4,0,0.2,1
0.3,185,2.0,0,0.0,1
0.3,186,1.6,0,0.8,1
0.3,187,0.0,0,0.0,2
0.3,188,2.8,0,0.0,1
0.3,189,3.4,0,0.2,0
0.3,190,7.6,0,0.0,2
0.3,191,11.2,0,0.4,1
0.3,192,0.8,0,0.0,1
0.3,193,1.0,0,0.2,1
0.3,194,1.4,0,0.2,1
0.3,195,0.0,0,0.0,0
0.3,196,5.0,0,0.2,2
0.3,197,1.2,0,0.8,1
0.3,198,1.8,0,0.2,1
0.3,199,3.2,0,0.8,1
0.3,200,2.8,0,0.8,1
0.3,201,4.0,0,0.4,1
0.3,202,3.4,0,0.2,0
0.3,203,4.0,0,0.0,2
0.3,204,1.4,0,0.2,1
0.3,205,0.8,0,0.0,1
0.3,206,6.0,0,0.4,2
0.3,207,0.6,0,0.6,0
0.3,208,0.4,0,0.4,0
0.3,209,2.8,0,0.0,2
0.3,210,1.8,0,0.2,1
0.3,211,2.6,0,1.0,0
0.3,212,0.2,0,0.2,0
0.3,213,1.0,0,0.2,1
0.3,214,0.2,0,0.2,0
0.3,215,0.4,0,0.4,0
0.3,216,4.8,0,0.4,1
0.3,217,3.6,0,0.0,0
0.3,218,1.4,0,0.2,0
0.3,219,0.6,0,0.2,2
0.3,220,2.6,0,0.6,0
0.3,221,1.0,0,0.2,1
0.3,222,7.4,0,0.2,1
0.3,223,0.6,0,0.2,1
0.3,224,0.8,0,0.0,1
0.3,225,0.2,0,0.2,2
0.3,226,0.6,0,0.2,0
0.3,227,2.8,0,0.0,0
0.3,228,3.6,0,0.4,1
0.3,229,1.0,0,1.0,1
0.3,230,0.8,0,0.4,1
0.3,231,0.2,0,0.2,0
0.3,232,1.6,0,0.0,0
0.3,233,11.6,0,1.6,1
0.3,234,3.4,0,0.2,0
0.3,235,4.4,0,0.4,1
0.3,236,2.2,0,0.2,0
0.3,237,0.6,0,0.2,1
0.3,238,1.2,0,0.0,1
0.3,239,1.2,0,0.4,0
0.3,240,1.8,0,0.2,1
0.3,241,0.2,0,0.2,0
0.3,242,1.8,0,0.2,0
0.3,243,0.8,0,0.0,0
0.3,244,1.8,0,0.2,1
0.3,245,0.4,0,0.0,1
0.3,246,0.8,0,0.0,1
0.3,247,1.2,0,0.0,0
0.3,248,2.8,0,0.4,2
0.3,249,1.0,0,0.6,1
0.3,250,1.2,0,0.0,2
0.3,251,0.2,0,0.2,0
0.3,252,3.4,0,0.2,2
0.3,253,0.4,0,0.4,1
0.3,254,0.4,0,0.4,1
0.3,255,0.4,0,0.0,2
0.3,256,1.6,0,0.8,1
0.3,257,0.2,0,0.2,1
0.3,258,3.2,0,0.4,0
0.3,259,6.4,0,0.4,0
0.3,260,0.2,0,0.2,2
0.3,261,4.0,0,1.6,1
0.3,262,0.2,0,0.2,1
0.3,263,5.0,0,0.2,1
0.3,264,5.0,0,0.2,1
0.3,265,0.4,0,0.4,0
0.3,266,0.2,0,0.2,1
0.3,267,2.2,0,0.6,0
0.3,268,3.4,0,0.6,2
0.3,269,0.4,0,0.0,1
0.3,270,3.8,0,0.2,1
0.3,271,1.2,0,0.4,1
0.3,272,0.8,0,0.0,0
0.3,273,0.6,0,0.2,1
0.3,274,3.2,0,0.0,1
0.3,275,0.0,0,0.0,0
0.3,276,1.4,0,0.2,1
0.3,277,0.8,0,0.0,1
0.3,278,2.4,0,0.0,3
0.3,279,1.8,0,0.2,1
0.3,280,1.2,0,0.4,2
0.3,281,0.6,0,0.2,1
0.3,282,1.2,0,0.0,2
0.3,283,7.0,0,0.2,2
0.3,284,15.8,0,1.0,1
0.3,285,2.8,0,0.0,0
0.3,286,0.8,0,0.0,2
0.3,287,6.4,0,0.0,1
0.3,288,0.8,0,0.4,1
0.3,289,3.8,0,0.2,2
0.3,290,8.0,0,0.4,2
0.3,291,4.8,0,0.4,2
0.3,292,0.6,0,0.2,1
0.3,293,2.2,0,0.2,0
0.3,294,2.4,0,2.4,1
0.3,295,1.2,0,0.8,1
0.3,296,2.0,0,0.4,0
0.3,297,3.4,0,0.6,1
0.3,298,1.8,0,0.2,2
0.3,299,5.0,0,0.2,0
0.3,300,0.4,0,0.4,0
0.3,301,1.2,0,0.0,1
0.3,302,6.8,0,2.4,0
0.3,303,4.2,0,0.2,0
0.3,304,1.6,0,0.0,1
0.3,305,7.2,0,0.0,2
0.3,306,2.2,0,0.2,0
0.3,307,13.2,0,1.2,2
0.3,308,3.6,0,0.4,2
0.3,309,0.6,0,0.6,0
0.3,310,3.2,0,0.4,0
0.3,311,0.8,0,0.4,1
0.3,312,3.8,0,2.2,0
0.3,313,1.0,0,0.2,1
0.3,314,2.0,0,0.0,1
0.3,315,0.6,0,0.2,1
0.3,316,0.6,0,0.2,0
0.3,317,1.2,0,1.2,0
0.3,318,1.8,0,0.6,0
0.3,319,4.4,0,0.0,2
0.3,320,1.6,0,0.4,1
0.3,321,2.0,0,0.0,1
0.3,322,0.6,0,0.2,1
0.3,323,0.0,0,0.0,3
0.3,324,1.6,0,0.4,2
0.3,325,0.6,0,0.2,2
0.3,326,0.6,0,0.2,1
0.3,327,0.4,0,0.0,1
0.3,328,0.2,0,0.2,0
0.3,329,2.6,0,0.2,1
0.3,330,4.0,0,0.0,3
0.3,331,3.4,0,0.2,1
0.3,332,0.4,0,0.0,1
0.3,333,1.0,0,0.2,1
0.3,334,0.6,0,0.2,0
0.3,335,0.0,0,0.0,0
0.3,336,1.6,0,1.2,1
0.3,337,0.8,0,0.8,0
0.3,338,0.4,0,0.0,1
0.3,339,1.6,0,0.4,0
0.3,340,0.8,0,0.4,3
0.3,341,16.0,0,0.8,0
0.3,342,0.4,0,0.4,0
0.3,343,0.4,0,0.0,1
0.3,344,2.0,0,0.0,1
0.3,345,5.6,0,0.0,1
0.3,346,2.0,0,0.0,2
0.3,347,0.2,0,0.2,1
0.3,348,1.8,0,0.2,1
0.3,349,0.8,0,0.0,1
0.3,350,0.4,0,0.4,0
0.3,351,0.4,0,0.4,0
0.3,352,0.4,0,0.0,2
0.3,353,2.0,0,0.4,1
0.3,354,0.0,0,0.0,0
0.3,355,6.0,0,0.4,1
0.3,356,2.6,0,0.2,2
0.3,357,0.0,0,0.0,0
0.3,358,0.0,0,0.0,0
0.3,359,0.4,0,0.4,0
0.3,360,1.0,0,0.2,1
0.3,361,0.6,0,0.6,0
0.3,362,1.4,0,0.2,2
0.3,363,1.8,0,0.2,1
0.3,364,2.0,0,0.4,0
0.3,365,0.4,0,0.4,2
0.3,366,3.6,0,0.8,2
0.3,367,1.2,0,0.0,1
0.3,368,1.8,0,0.6,1
0.3,369,7.0,0,0.2,1
0.3,370,0.2,0,0.2,1
0.3,371,2.4,0,0.0,2
0.3,372,3.2,0,0.0,1
0.3,373,2.6,0,0.2,2
0.3,374,7.4,0,1.4,1
0.3,375,0.2,0,0.2,0
0.3,376,7.6,0,0.0,0
0.3,377,1.0,0,0.2,3
0.3,378,12.8,0,0.4,2
0.3,379,0.0,0,0.0,0
0.3,380,0.0,0,0.0,0
0.3,381,3.0,0,0.2,3
0.3,382,0.0,0,0.0,0
0.3,383,3.2,0,0.4,1
0.3,384,0.6,0,0.2,1
0.3,385,0.2,0,0.2,2
0.3,386,2.8,0,0.0,1
0.3,387,1.8,0,0.2,2
0.3,388,8.8,0,0.0,0
0.3,389,0.4,0,0.0,1
0.3,390,0.2,0,0.2,1
0.3,391,2.0,0,0.4,1
0.3,392,0.4,0,0.4,2
0.3,393,12.4,0,0.4,1
0.3,394,1.6,0,0.4,1
0.3,395,2.0,0,0.8,1
0.3,396,1.0,0,1.0,0
0.3,397,9.0,0,0.2,1
0.3,398,3.6,0,0.4,1
0.3,399,1.4,0,0.2,1
0.3,400,1.6,0,0.0,1
0.3,401,3.6,0,0.4,0
0.3,402,0.4,0,0.4,0
0.3,403,0.4,0,0.0,0
0.3,404,2.8,0,0.0,1
0.3,405,5.6,0,0.8,0
0.3,406,0.6,0,0.2,2
0.3,407,2.8,0,0.4,1
0.3,408,1.0,0,0.6,1
0.3,409,7.0,0,0.2,0
0.3,410,0.8,0,0.4,1
0.3,411,2.2,0,0.6,1
0.3,412,3.0,0,0.2,2
0.3,413,5.6,0,0.4,2
0.3,414,0.4,0,0.0,1
0.3,415,0.2,0,0.2,0
0.3,416,3.6,0,0.0,1
0.3,417,0.8,0,0.0,1
0.3,418,0.6,0,0.6,0
0.3,419,1.4,0,0.2,1
0.3,420,3.4,0,0.6,1
0.3,421,7.2,0,0.0,0
0.3,422,3.0,0,0.2,1
0.3,423,0.2,0,0.2,1
0.3,424,1.6,0,0.0,0
0.3,425,3.6,0,0.0,0
0.3,426,2.8,0,0.4,1
0.3,427,13.4,0,0.2,1
0.3,428,4.0,0,0.4,0
0.3,429,0.6,0,0.2,1
0.3,430,1.2,0,0.4,1
0.3,431,5.4,0,1.0,2
0.3,432,5.0,0,0.2,1
0.3,433,2.4,0,0.0,1
0.3,434,0.4,0,0.0,2
0.3,435,2.6,0,0.2,1
0.3,436,3.2,0,0.0,2
0.3,437,0.8,0,0.4,0
0.3,438,0.4,0,0.0,1
0.3,439,2.8,0,0.0,1
0.3,440,5.2,0,0.8,1
0.3,441,0.2,0,0.2,1
0.3,442,2.8,0,1.2,2
0.3,443,1.0,0,0.2,0
0.3,444,0.2,0,0.2,0
0.3,445,0.4,0,0.4,0
0.3,446,1.2,0,0.0,1
0.3,447,1.0,0,0.2,2
0.3,448,3.4,0,0.2,2
0.3,449,2.8,0,2.4,3
0.3,450,2.2,0,0.2,0
0.3,451,2.0,0,0.0,1
0.3,452,1.4,0,0.6,2
0.3,453,1.4,0,0.2,2
0.3,454,4.8,0,0.0,1
0.3,455,5.4,0,0.2,0
0.3,456,1.6,0,0.0,1
0.3,457,0.2,0,0.2,0
0.3,458,0.8,0,0.0,2
0.3,459,0.4,0,0.4,0
0.3,460,1.2,0,0.4,1
0.3,461,1.0,0,0.6,0
0.3,462,2.6,0,0.2,0
0.3,463,0.8,0,0.4,1
0.3,464,14.8,0,0.8,0
0.3,465,1.2,0,0.0,2
0.3,466,4.0,0,0.4,1
0.3,467,0.6,0,0.2,1
0.3,468,1.2,0,0.0,2
0.3,469,2.2,0,0.2,0
0.3,470,0.4,0,0.4,0
0.3,471,1.2,0,0.4,0
0.3,472,4.6,0,1.0,0
0.3,473,1.0,0,0.2,2
0.3,474,5.6,0,0.0,1
0.3,475,1.2,0,0.0,1
0.3,476,1.6,0,0.0,1
0.3,477,1.8,0,0.2,1
0.3,478,0.0,0,0.0,0
0.3,479,3.4,0,0.2,1
0.3,480,2.2,0,0.2,2
0.3,481,8.4,0,0.4,0
0.3,482,0.8,0,0.4,1
0.3,483,3.2,0,0.4,1
0.3,484,1.6,0,0.0,1
0.3,485,0.0,0,0.0,0
0.3,486,1.2,0,0.4,1
0.3,487,1.8,0,0.2,0
0.3,488,1.2,0,0.0,2
0.3,489,0.8,0,0.0,0
0.3,490,1.0,0,0.2,0
0.3,491,2.8,0,0.0,1
0.3,492,4.0,0,0.4,0
0.3,493,0.2,0,0.2,1
0.3,494,1.6,0,0.4,2
0.3,495,3.8,0,1.8,2
0.3,496,1.6,0,0.0,2
0.3,497,3.2,0,0.0,1
0.3,498,2.0,0,0.0,1
0.3,499,1.2,0,0.0,1
0.3,500,0.4,0,0.0,2
0.3,501,1.6,0,0.0,2
0.3,502,0.6,0,0.2,1
0.3,503,0.4,0,0.4,0
0.3,504,0.4,0,0.4,0
0.3,505,1.0,0,0.6,1
0.3,506,2.2,0,0.2,1
0.3,507,1.6,0,0.0,1
0.3,508,0.6,0,0.6,1
0.3,509,0.8,0,0.0,2
0.3,510,1.8,0,0.2,0
0.3,511,2.0,0,0.0,2
0.3,512,0.4,0,0.0,2
0.3,513,1.8,0,0.2,0
0.3,514,0.4,0,0.0,1
0.3,515,0.6,0,0.6,0
0.3,516,0.8,0,0.8,1
0.3,517,4.6,0,0.6,1
0.3,518,0.6,0,0.6,0
0.3,519,0.2,0,0.2,0
0.3,520,3.0,0,0.2,0
0.3,521,0.4,0,0.0,1
0.3,522,0.4,0,0.4,0
0.3,523,1.6,0,0.0,1
0.3,524,2.2,0,0.2,2
0.3,525,0.8,0,0.8,1
0.3,526,0.4,0,0.4,0
0.3,527,0.8,0,0.8,1
0.3,528,3.0,0,0.6,0
0.3,529,1.4,0,0.2,1
0.3,530,0.2,0,0.2,0
0.3,531,0.4,0,0.4,1
0.3,532,8.8,0,0.0,2
0.3,533,1.8,0,0.2,1
0.3,534,0.4,0,0.4,0
0.3,535,0.0,0,0.0,0
0.3,536,1.8,0,0.6,0
0.3,537,1.8,0,0.2,1
0.3,538,0.6,0,0.2,1
0.3,539,3.0,0,0.6,1
0.3,540,0.4,0,0.0,1
0.3,541,0.2,0,0.2,0
0.3,542,1.2,0,0.4,2
0.3,543,0.6,0,0.2,1
0.3,544,0.8,0,0.4,1
0.3,545,0.6,0,0.2,2
0.3,546,0.0,0,0.0,0
0.3,547,0.4,0,0.4,1
0.3,548,1.8,0,0.2,1
0.3,549,1.8,0,0.2,1
0.3,550,1.6,0,0.0,2
0.3,551,0.4,0,0.4,1
0.3,552,0.6,0,0.2,0
0.3,553,0.6,0,0.2,2
0.3,554,12.2,0,0.2,0
0.3,555,0.2,0,0.2,0
0.3,556,0.4,0,0.0,2
0.3,557,7.8,0,0.2,1
0.3,558,15.0,0,0.6,1
0.3,559,0.4,0,0.0,0
0.3,560,0.6,0,0.6,1
0.3,561,0.4,0,0.4,2
0.3,562,0.8,0,0.0,1
0.3,563,1.8,0,0.2,1
0.3,564,0.4,0,0.0,0
0.3,565,0.6,0,0.2,1
0.3,566,1.0,0,1.0,0
0.3,567,1.0,0,0.2,1
0.3,568,5.6,0,0.0,0
0.3,569,2.8,0,0.0,0
0.3,570,4.2,0,0.2,1
0.3,571,0.0,0,0.0,0
0.3,572,2.0,0,0.0,1
0.3,573,2.8,0,0.0,1
0.3,574,9.6,0,0.0,2
0.3,575,2.4,0,0.0,2
0.3,576,0.2,0,0.2,0
0.3,577,5.2,0,0.4,0
0.3,578,0.2,0,0.2,1
0.3,579,8.6,0,0.2,2
0.3,580,1.2,0,0.0,2
0.3,581,0.4,0,0.0,1
0.3,582,0.2,0,0.2,0
0.3,583,3.8,0,1.8,2
0.3,584,0.4,0,0.0,2
0.3,585,0.8,0,0.8,0
0.3,586,4.2,0,0.6,1
0.3,587,3.2,0,0.4,2
0.3,588,2.2,0,0.2,0
0.3,589,2.4,0,0.4,2
0.3,590,0.6,0,0.2,1
0.3,591,0.2,0,0.2,0
0.3,592,2.6,0,0.2,2
0.3,593,2.0,0,0.0,1
0.3,594,0.6,0,0.2,1
0.3,595,0.8,0,0.8,0
0.3,596,0.4,0,0.0,1
0.3,597,5.0,0,0.2,1
0.3,598,10.4,0,0.8,1
0.3,599,3.4,0,0.2,2
0.3,600,2.2,0,0.2,1
0.3,601,2.0,0,0.4,1
0.3,602,4.4,0,0.4,1
0.3,603,2.6,0,0.2,0
0.3,604,0.0,0,0.0,0
0.3,605,0.6,0,0.2,0
0.3,606,1.0,0,0.2,1
0.3,607,0.6,0,0.2,1
0.3,608,1.2,0,0.4,1
0.3,609,3.6,0,0.0,1
0.3,610,3.8,0,0.2,1
0.3,611,0.8,0,0.0,1
0.3,612,1.0,0,0.2,2
0.3,613,0.6,0,0.2,1
0.3,614,1.6,0,0.4,2
0.3,615,1.4,0,0.6,0
0.3,616,2.0,0,0.0,1
0.3,617,1.0,0,0.2,1
0.3,618,2.0,0,0.0,1
0.3,619,3.2,0,1.6,0
0.3,620,0.4,0,0.0,0
0.3,621,1.8,0,0.2,2
0.3,622,4.0,0,0.4,1
0.3,623,0.2,0,0.2,0
0.3,624,0.6,0,0.6,0
0.3,625,6.0,0,0.8,0
0.3,626,12.8,0,0.0,1
0.3,627,0.2,0,0.2,2
0.3,628,0.4,0,0.4,1
0.3,629,3.0,0,1.4,1
0.3,630,2.4,0,0.8,0
0.3,631,0.6,0,0.2,1
0.3,632,2.0,0,0.8,0
0.3,633,2.6,0,0.2,1
0.3,634,0.2,0,0.2,0
0.3,635,0.0,0,0.0,0
0.3,636,3.2,0,0.0,1
0.3,637,2.6,0,1.0,2
0.3,638,0.8,0,0.0,1
0.3,639,2.4,0,0.0,0
0.3,640,0.8,0,0.0,1
0.3,641,0.2,0,0.2,0
0.3,642,2.6,0,0.2,0
0.3,643,5.6,0,1.6,2
0.3,644,4.6,0,0.2,0
0.3,645,1.8,0,0.2,1
0.3,646,3.4,0,1.4,0
0.3,647,0.0,0,0.0,2
0.3,648,0.6,0,0.2,1
0.3,649,2.6,0,0.2,2
0.3,650,0.4,0,0.4,0
0.3,651,1.6,0,0.4,2
0.3,652,0.0,0,0.0,2
0.3,653,0.2,0,0.2,0
0.3,654,6.4,0,1.2,1
0.3,655,5.4,0,0.2,0
0.3,656,0.0,0,0.0,1
0.3,657,0.0,0,0.0,1
0.3,658,1.6,0,0.4,1
0.3,659,0.2,0,0.2,0
0.3,660,4.0,0,0.4,1
0.3,661,3.0,0,0.2,0
0.3,662,1.8,0,0.2,2
0.3,663,1.2,0,0.4,1
0.3,664,3.0,0,0.6,1
0.3,665,0.6,0,0.6,1
0.3,666,8.0,0,0.4,0
0.3,667,3.0,0,0.6,0
0.3,668,1.2,0,0.8,1
0.3,669,0.6,0,0.2,0
0.3,670,2.8,0,0.0,1
0.3,671,2.2,0,0.2,0
0.3,672,2.6,0,0.6,1
0.3,673,1.2,0,0.4,2
0.3,674,7.4,0,1.4,3
0.3,675,2.0,0,0.0,1
0.3,676,0.8,0,0.0,2
0.3,677,1.8,0,0.2,1
0.3,678,2.8,0,0.8,3
0.3,679,3.8,0,0.6,1
0.3,680,3.0,0,0.6,1
0.3,681,1.6,0,0.0,0
0.3,682,1.4,0,0.2,1
0.3,683,3.4,0,0.2,1
0.3,684,0.4,0,0.0,1
0.3,685,0.6,0,0.6,0
0.3,686,0.4,0,0.4,0
0.3,687,0.4,0,0.4,1
0.3,688,0.8,0,0.4,0
0.3,689,1.0,0,0.2,1
0.3,690,0.6,0,0.6,1
0.3,691,0.2,0,0.2,0
0.3,692,1.4,0,0.2,1
0.3,693,0.8,0,0.8,0
0.3,694,0.0,0,0.0,0
0.3,695,0.4,0,0.0,1
0.3,696,5.8,0,0.6,0
0.3,697,0.2,0,0.2,1
0.3,698,2.2,0,0.2,1
0.3,699,1.8,0,1.4,2
0.3,700,0.2,0,0.2,0
0.3,701,0.6,0,0.2,1
0.3,702,1.0,0,0.2,1
0.3,703,8.4,0,0.4,0
0.3,704,2.4,0,0.4,1
0.3,705,2.6,0,0.6,0
0.3,706,2.6,0,0.2,0
0.3,707,0.8,0,0.0,1
0.3,708,1.6,0,0.4,1
0.3,709,0.6,0,0.2,1
0.3,710,0.0,0,0.0,1
0.3,711,1.8,0,0.2,2
0.3,712,5.6,0,0.8,2
0.3,713,1.2,0,0.8,1
0.3,714,0.8,0,0.4,1
0.3,715,0.6,0,0.2,1
0.3,716,0.2,0,0.2,0
0.3,717,0.0,0,0.0,2
0.3,718,2.2,0,0.2,1
0.3,719,13.2,0,0.8,1
0.3,720,1.8,0,0.2,0
0.3,721,2.0,0,0.0,0
0.3,722,1.8,0,0.2,0
0.3,723,7.0,0,0.2,2
0.3,724,1.0,0,0.2,1
0.3,725,0.6,0,0.2,2
0.3,726,1.4,0,0.2,1
0.3,727,4.4,0,0.0,3
0.3,728,0.2,0,0.2,0
0.3,729,0.2,0,0.2,1
0.3,730,6.8,0,0.0,1
0.3,731,0.0,0,0.0,0
0.3,732,0.4,0,0.0,1
0.3,733,1.0,0,0.2,2
0.3,734,0.2,0,0.2,1
0.3,735,1.8,0,0.6,1
0.3,736,2.2,0,0.2,2
0.3,737,7.2,0,0.4,1
0.3,738,4.2,0,0.2,1
0.3,739,1.4,0,0.2,2
0.3,740,0.8,0,0.0,0
0.3,741,0.6,0,0.2,1
0.3,742,6.8,0,0.0,2
0.3,743,1.6,0,0.4,2
0.3,744,2.2,0,0.2,2
0.3,745,5.0,0,1.0,2
0.3,746,1.6,0,1.2,1
0.3,747,4.2,0,0.2,1
0.3,748,3.4,0,0.2,1
0.3,749,3.6,0,0.4,1
0.3,750,6.0,0,0.8,1
0.3,751,2.6,0,0.2,2
0.3,752,0.4,0,0.0,1
0.3,753,1.2,0,0.0,2
0.3,754,3.0,0,3.0,0
0.3,755,1.0,0,0.6,1
0.3,756,1.2,0,0.4,2
0.3,757,3.2,0,0.8,1
0.3,758,4.2,0,0.2,1
0.3,759,8.0,0,0.0,1
0.3,760,2.8,0,0.0,1
0.3,761,0.6,0,0.2,0
0.3,762,6.6,0,0.2,2
0.3,763,1.2,0,0.0,2
0.3,764,0.4,0,0.4,0
0.3,765,1.4,0,0.6,0
0.3,766,2.2,0,0.6,1
0.3,767,0.2,0,0.2,1
0.3,768,0.6,0,0.2,0
0.3,769,1.8,0,0.2,0
0.3,770,0.2,0,0.2,0
0.3,771,4.2,0,0.2,0
0.3,772,0.2,0,0.2,2
0.3,773,1.0,0,0.6,1
0.3,774,2.8,0,0.0,1
0.3,775,0.0,0,0.0,0
0.3,776,1.8,0,0.2,0
0.3,777,3.4,0,0.2,1
0.3,778,2.2,0,0.2,2
0.3,779,1.8,0,0.6,2
0.3,780,0.6,0,0.6,0
0.3,781,1.0,0,0.2,2
0.3,782,4.6,0,0.2,1
0.3,783,2.2,0,0.6,1
0.3,784,0.0,0,0.0,0
0.3,785,0.0,0,0.0,0
0.3,786,11.8,0,0.2,1
0.3,787,1.4,0,0.2,1
0.3,788,2.2,0,0.2,1
0.3,789,1.0,0,0.2,1
0.3,790,2.0,0,0.4,0
0.3,791,0.4,0,0.0,1
0.3,792,0.8,0,0.4,3
0.3,793,1.0,0,0.2,0
0.3,794,0.6,0,0.2,0
0.3,795,0.4,0,0.0,1
0.3,796,0.2,0,0.2,2
0.3,797,1.8,0,0.2,0
0.3,798,1.2,0,0.4,0
0.3,799,2.6,0,0.2,3
0.3,800,1.0,0,0.2,0
0.3,801,2.4,0,0.0,0
0.3,802,1.0,0,0.2,0
0.3,803,1.4,0,0.2,0
0.3,804,1.4,0,0.2,1
0.3,805,1.0,0,0.2,1
0.3,806,7.0,0,0.2,1
0.3,807,0.4,0,0.0,1
0.3,808,0.4,0,0.4,2
0.3,809,0.8,0,0.0,0
0.3,810,2.6,0,0.6,0
0.3,811,0.0,0,0.0,0
0.3,812,1.6,0,0.4,0
0.3,813,5.0,0,0.2,0
0.3,814,0.8,0,0.0,1
0.3,815,1.6,0,0.8,1
0.3,816,0.4,0,0.0,0
0.3,817,1.0,0,0.2,2
0.3,818,0.0,0,0.0,0
0.3,819,2.6,0,0.2,2
0.3,820,0.2,0,0.2,0
0.3,821,1.0,0,0.6,1
0.3,822,0.4,0,0.4,0
0.3,823,0.4,0,0.0,0
0.3,824,3.2,0,0.4,1
0.3,825,1.0,0,0.2,1
0.3,826,0.2,0,0.2,1
0.3,827,3.2,0,0.0,1
0.3,828,0.4,0,0.4,1
0.3,829,0.2,0,0.2,0
0.3,830,1.2,0,0.0,1
0.3,831,0.8,0,0.0,1
0.3,832,0.2,0,0.2,2
0.3,833,1.2,0,1.2,0
0.3,834,0.8,0,0.8,0
0.3,835,3.4,0,0.6,0
0.3,836,0.2,0,0.2,1
0.3,837,0.6,0,0.2,0
0.3,838,0.6,0,0.2,1
0.3,839,0.6,0,0.6,1
0.3,840,4.8,0,0.8,2
0.3,841,1.2,0,0.0,1
0.3,842,0.8,0,0.4,1
0.3,843,0.8,0,0.0,1
0.3,844,0.2,0,0.2,0
0.3,845,0.2,0,0.2,0
0.3,846,0.6,0,0.2,1
0.3,847,0.6,0,0.2,1
0.3,848,0.8,0,0.0,3
0.3,849,0.6,0,0.2,1
0.3,850,0.2,0,0.2,0
0.3,851,1.0,0,0.2,1
0.3,852,2.8,0,0.0,0
0.3,853,2.6,0,0.2,2
0.3,854,0.4,0,0.4,0
0.3,855,1.4,0,0.6,0
0.3,856,0.8,0,0.0,0
0.3,857,0.0,0,0.0,0
0.3,858,0.4,0,0.0,1
0.3,859,0.2,0,0.2,0
0.3,860,2.2,0,0.6,1
0.3,861,0.0,0,0.0,0
0.3,862,5.4,0,0.2,1
0.3,863,0.2,0,0.2,0
0.3,864,1.2,0,0.0,1
0.3,865,1.4,0,0.2,1
0.3,866,0.2,0,0.2,0
0.3,867,0.2,0,0.2,0
0.3,868,2.6,0,0.6,1
0.3,869,6.6,0,0.2,0
0.3,870,1.4,0,0.2,1
0.3,871,0.0,0,0.0,0
0.3,872,0.2,0,0.2,0
0.3,873,0.0,0,0.0,0
0.3,874,1.2,0,1.2,1
0.3,875,1.0,0,0.2,1
0.3,876,3.0,0,1.0,1
0.3,877,0.2,0,0.2,0
0.3,878,0.6,0,0.2,1
0.3,879,0.6,0,0.2,0
0.3,880,1.2,0,0.8,1
0.3,881,0.0,0,0.0,0
0.3,882,2.0,0,0.4,1
0.3,883,1.2,0,0.4,3
0.3,884,2.6,0,0.6,0
0.3,885,1.0,0,0.2,1
0.3,886,0.6,0,0.2,0
0.3,887,1.2,0,0.0,1
0.3,888,0.2,0,0.2,0
0.3,889,1.0,0,0.2,1
0.3,890,1.0,0,1.0,0
0.3,891,2.4,0,0.0,1
0.3,892,0.4,0,0.4,0
0.3,893,0.6,0,0.2,0
0.3,894,1.8,0,0.6,1
0.3,895,0.4,0,0.4,1
0.3,896,0.8,0,0.4,1
0.3,897,1.4,0,0.6,2
0.3,898,0.6,0,0.2,0
0.3,899,0.0,0,0.0,0
0.3,900,0.2,0,0.2,0
0.3,901,0.4,0,0.0,2
0.3,902,0.0,0,0.0,0
0.3,903,0.4,0,0.4,0
0.3,904,0.2,0,0.2,0
0.3,905,1.8,0,0.6,1
0.3,906,7.2,0,0.4,1
0.3,907,2.0,0,0.0,1
0.3,908,0.0,0,0.0,0
0.3,909,2.4,0,0.4,0
0.3,910,2.0,0,0.0,1
0.3,911,1.2,0,1.2,1
0.3,912,2.4,0,0.8,1
0.3,913,0.2,0,0.2,0
0.3,914,1.0,0,0.2,1
0.3,915,3.0,0,0.2,2
0.3,916,8.8,0,0.8,2
0.3,917,1.4,0,0.2,1
0.3,918,1.4,0,0.2,1
0.3,919,0.8,0,0.4,1
0.3,920,4.4,0,0.4,1
0.3,921,1.2,0,0.4,1
0.3,922,6.4,0,1.6,1
0.3,923,0.0,0,0.0,0
0.3,924,2.2,0,0.2,1
0.3,925,6.0,0,0.0,1
0.3,926,3.8,0,0.2,0
0.3,927,0.6,0,0.6,0
0.3,928,2.2,0,1.8,2
0.3,929,3.0,0,0.2,2
0.3,930,1.0,0,0.6,2
0.3,931,15.8,0,0.6,2
0.3,932,0.8,0,0.4,1
0.3,933,2.4,0,0.0,1
0.3,934,3.2,0,0.4,2
0.3,935,4.6,0,0.2,2
0.3,936,0.2,0,0.2,0
0.3,937,2.0,0,1.2,1
0.3,938,0.4,0,0.4,0
0.3,939,4.0,0,0.4,0
0.3,940,0.2,0,0.2,0
0.3,941,3.8,0,0.6,1
0.3,942,0.0,0,0.0,0
0.3,943,1.4,0,0.6,1
0.3,944,1.6,0,0.0,0
0.3,945,3.2,0,0.4,2
0.3,946,4.4,0,0.4,0
0.3,947,7.8,0,5.8,1
0.3,948,4.2,0,0.2,1
0.3,949,1.0,0,0.2,1
0.3,950,1.0,0,0.2,1
0.3,951,1.8,0,0.6,2
0.3,952,3.6,0,0.0,0
0.3,953,0.6,0,0.2,0
0.3,954,3.6,0,0.4,2
0.3,955,0.2,0,0.2,0
0.3,956,0.6,0,0.2,0
0.3,957,3.4,0,0.2,1
0.3,958,0.6,0,0.2,0
0.3,959,3.6,0,0.0,1
0.3,960,7.0,0,1.0,2
0.3,961,2.8,0,0.4,1
0.3,962,6.0,0,0.0,1
0.3,963,7.0,0,0.2,1
0.3,964,1.2,0,0.4,1
0.3,965,6.6,0,1.4,0
0.3,966,2.6,0,0.2,1
0.3,967,3.4,0,0.6,1
0.3,968,0.4,0,0.4,2
0.3,969,0.4,0,0.4,1
0.3,970,3.0,0,0.2,1
0.3,971,2.2,0,0.6,2
0.3,972,2.2,0,0.2,3
0.3,973,2.6,0,0.2,1
0.3,974,9.2,0,3.2,1
0.3,975,1.2,0,0.4,1
0.3,976,2.6,0,0.2,1
0.3,977,0.4,0,0.0,1
0.3,978,0.6,0,0.2,0
0.3,979,5.2,0,0.8,0
0.3,980,8.2,0,0.2,2
0.3,981,1.2,0,0.4,1
0.3,982,0.6,0,0.2,1
0.3,983,1.4,0,0.2,0
0.3,984,0.6,0,0.2,1
0.3,985,0.4,0,0.4,0
0.3,986,0.4,0,0.4,1
0.3,987,1.0,0,0.2,1
0.3,988,1.0,0,0.2,1
0.3,989,1.4,0,0.2,1
0.3,990,2.4,0,0.4,1
0.3,991,0.8,0,0.4,2
0.3,992,2.2,0,0.6,1
0.3,993,0.6,0,0.2,0
0.3,994,1.8,0,1.0,1
0.3,995,0.2,0,0.2,0
0.3,996,0.6,0,0.6,0
0.3,997,5.0,0,0.2,2
0.3,998,3.4,0,0.2,0
0.3,999,2.6,0,0.6,1
0.4,0,1.8,0,0.2,3
0.4,1,7.2,0,0.8,2
0.4,2,1.4,0,0.2,1
0.4,3,2.0,0,0.4,0
0.4,4,1.0,0,0.6,0
0.4,5,0.6,0,0.6,2
0.4,6,2.6,0,1.0,1
0.4,7,3.0,0,0.2,0
0.4,8,0.0,0,0.0,0
0.4,9,0.8,0,0.4,1
0.4,10,1.0,0,0.2,1
0.4,11,1.4,0,0.6,1
0.4,12,1.6,0,0.4,3
0.4,13,0.8,0,0.0,0
0.4,14,5.2,0,0.8,1
0.4,15,3.0,0,0.2,1
0.4,16,5.4,0,0.6,1
0.4,17,2.6,0,0.6,1
0.4,18,0.6,0,0.6,0
0.4,19,0.4,0,0.0,1
0.4,20,1.2,0,1.2,0
0.4,21,4.4,0,0.4,3
0.4,22,2.6,0,0.2,1
0.4,23,1.8,0,0.6,1
0.4,24,2.8,0,0.4,1
0.4,25,1.0,0,0.2,1
0.4,26,0.0,0,0.0,2
0.4,27,1.2,0,0.0,1
0.4,28,0.4,0,0.4,0
0.4,29,0.8,0,0.4,1
0.4,30,3.6,0,0.0,1
0.4,31,1.4,0,0.2,1
0.4,32,2.6,0,0.2,1
0.4,33,5.0,0,0.2,1
0.4,34,0.6,0,0.6,0
0.4,35,0.4,0,0.0,1
0.4,36,1.6,0,1.2,1
0.4,37,0.6,0,0.6,0
0.4,38,1.4,0,0.2,0
0.4,39,0.0,0,0.0,0
0.4,40,0.4,0,0.4,1
0.4,41,1.8,0,0.2,1
0.4,42,0.2,0,0.2,1
0.4,43,7.8,0,0.2,1
0.4,44,1.0,0,0.2,1
0.4,45,1.4,0,0.2,0
0.4,46,1.2,0,0.0,1
0.4,47,3.2,0,0.0,1
0.4,48,1.2,0,0.4,1
0.4,49,0.0,0,0.0,0
0.4,50,2.0,0,0.0,2
0.4,51,1.4,0,0.2,1
0.4,52,0.8,0,0.0,1
0.4,53,2.2,0,0.2,1
0.4,54,1.6,0,0.0,1
0.4,55,6.2,0,0.2,1
0.4,56,0.0,0,0.0,0
0.4,57,5.6,0,0.4,1
0.4,58,4.6,0,0.2,0
0.4,59,0.8,0,0.0,1
0.4,60,0.6,0,0.2,3
0.4,61,1.6,0,0.0,1
0.4,62,0.8,0,0.0,0
0.4,63,3.4,0,1.0,2
0.4,64,0.4,0,0.4,1
0.4,65,0.6,0,0.2,0
0.4,66,2.4,0,0.0,1
0.4,67,2.0,0,0.0,1
0.4,68,0.8,0,0.0,1
0.4,69,5.0,0,0.2,1
0.4,70,1.0,0,1.0,0
0.4,71,1.6,0,0.0,1
0.4,72,0.2,0,0.2,0
0.4,73,4.2,0,0.2,2
0.4,74,1.2,0,1.2,0
0.4,75,1.2,0,0.0,0
0.4,76,1.8,0,0.2,0
0.4,77,3.8,0,0.2,1
0.4,78,0.8,0,0.4,1
0.4,79,0.6,0,0.2,2
0.4,80,1.8,0,0.6,1
0.4,81,5.6,0,0.4,1
0.4,82,0.4,0,0.0,2
0.4,83,0.8,0,0.0,0
0.4,84,1.2,0,0.4,1
0.4,85,4.6,0,0.2,1
0.4,86,1.2,0,0.0,1
0.4,87,0.8,0,0.4,1
0.4,88,1.2,0,0.0,0
0.4,89,2.0,0,0.4,0
0.4,90,1.6,0,0.8,0
0.4,91,0.8,0,0.4,1
0.4,92,3.2,0,0.0,1
0.4,93,0.6,0,0.2,1
0.4,94,4.2,0,0.2,1
0.4,95,1.0,0,1.0,0
0.4,96,0.2,0,0.2,1
0.4,97,2.8,0,0.0,2
0.4,98,0.2,0,0.2,0
0.4,99,0.2,0,0.2,1
0.4,100,0.0,0,0.0,0
0.4,101,1.0,0,0.2,1
0.4,102,0.6,0,0.2,2
0.4,103,0.2,0,0.2,0
0.4,104,0.6,0,0.2,0
0.4,105,1.0,0,0.6,1
0.4,106,0.4,0,0.4,0
0.4,107,4.8,0,0.4,1
0.4,108,3.8,0,0.6,0
0.4,109,16.4,0,0.0,2
0.4,110,2.4,0,0.8,1
0.4,111,0.4,0,0.0,2
0.4,112,2.0,0,0.0,2
0.4,113,3.0,0,0.2,0
0.4,114,3.6,0,0.4,1
0.4,115,1.0,0,0.2,2
0.4,116,2.0,0,0.0,1
0.4,117,1.2,0,0.4,1
0.4,118,1.4,0,0.2,0
0.4,119,0.2,0,0.2,0
0.4,120,2.8,0,0.0,1
0.4,121,2.4,0,0.0,0
0.4,122,6.6,0,1.0,2
0.4,123,0.0,0,0.0,0
0.4,124,1.4,0,0.2,1
0.4,125,4.6,0,0.2,1
0.4,126,1.2,0,0.4,2
0.4,127,1.4,0,0.2,1
0.4,128,0.4,0,0.4,0
0.4,129,5.8,0,0.2,1
0.4,130,2.4,0,0.4,2
0.4,131,3.4,0,0.2,1
0.4,132,2.4,0,0.0,2
0.4,133,4.6,0,0.6,2
0.4,134,1.0,0,0.2,0
0.4,135,7.8,0,0.6,2
0.4,136,1.4,0,0.2,1
0.4,137,0.4,0,0.4,0
0.4,138,1.0,0,0.2,0
0.4,139,1.0,0,0.2,1
0.4,140,0.4,0,0.4,2
0.4,141,4.0,0,0.0,1
0.4,142,0.4,0,0.0,0
0.4,143,3.2,0,0.4,1
0.4,144,0.4,0,0.4,0
0.4,145,1.0,0,0.6,1
0.4,146,0.4,0,0.4,1
0.4,147,14.6,0,0.2,1
0.4,148,2.2,0,0.6,1
0.4,149,0.2,0,0.2,0
0.4,150,0.2,0,0.2,2
0.4,151,0.6,0,0.6,0
0.4,152,1.0,0,0.2,1
0.4,153,4.2,0,0.2,1
0.4,154,0.2,0,0.2,0
0.4,155,2.6,0,0.2,0
0.4,156,0.6,0,0.2,2
0.4,157,0.0,0,0.0,3
0.4,158,0.6,0,0.2,3
0.4,159,1.4,0,1.0,3
0.4,160,0.2,0,0.2,0
0.4,161,0.8,0,0.0,2
0.4,162,0.4,0,0.0,1
0.4,163,4.6,0,0.2,1
0.4,164,0.0,0,0.0,0
0.4,165,1.4,0,0.2,0
0.4,166,1.8,0,0.2,1
0.4,167,6.8,0,0.0,0
0.4,168,0.6,0,0.2,0
0.4,169,0.4,0,0.0,1
0.4,170,1.6,0,0.4,0
0.4,171,1.2,0,1.2,0
0.4,172,0.6,0,0.2,2
0.4,173,6.4,0,0.0,1
0.4,174,1.6,0,0.0,0
0.4,175,1.0,0,0.6,2
0.4,176,0.2,0,0.2,1
0.4,177,0.2,0,0.2,1
0.4,178,1.4,0,0.2,1
0.4,179,0.2,0,0.2,0
0.4,180,0.6,0,0.2,1
0.4,181,2.4,0,0.4,2
0.4,182,0.6,0,0.2,0
0.4,183,1.2,0,0.0,1
0.4,184,6.8,0,1.2,1
0.4,185,0.4,0,0.0,1
0.4,186,0.4,0,0.0,2
0.4,187,0.4,0,0.0,1
0.4,188,4.6,0,0.2,1
0.4,189,0.2,0,0.2,0
0.4,190,1.0,0,0.6,1
0.4,191,3.4,0,0.2,1
0.4,192,2.8,0,0.4,1
0.4,193,4.2,0,0.2,1
0.4,194,0.4,0,0.0,1
0.4,195,1.4,0,0.6,1
0.4,196,0.6,0,0.2,1
0.4,197,1.0,0,0.2,1
0.4,198,0.6,0,0.2,0
0.4,199,0.8,0,0.4,1
0.4,200,1.0,0,0.2,1
0.4,201,4.6,0,0.2,3
0.4,202,0.2,0,0.2,2
0.4,203,0.2,0,0.2,0
0.4,204,0.6,0,0.2,1
0.4,205,0.2,0,0.2,0
0.4,206,1.6,0,0.8,1
0.4,207,2.2,0,1.4,0
0.4,208,5.2,0,2.4,1
0.4,209,1.0,0,0.2,1
0.4,210,6.2,0,0.2,0
0.4,211,0.8,0,0.4,0
0.4,212,0.6,0,0.2,1
0.4,213,9.6,0,1.2,2
0.4,214,3.6,0,0.4,1
0.4,215,2.4,0,0.0,1
0.4,216,0.0,0,0.0,0
0.4,217,1.2,0,0.0,1
0.4,218,0.0,0,0.0,0
0.4,219,0.4,0,0.4,2
0.4,220,1.8,0,0.2,2
0.4,221,2.6,0,1.0,1
0.4,222,2.4,0,0.0,0
0.4,223,8.2,0,1.4,2
0.4,224,0.4,0,0.0,0
0.4,225,31.0,0,0.6,2
0.4,226,1.8,0,0.6,1
0.4,227,3.4,0,1.0,1
0.4,228,1.8,0,0.2,1
0.4,229,5.6,0,4.0,0
0.4,230,3.0,0,0.2,1
0.4,231,1.6,0,0.0,1
0.4,232,2.0,0,0.4,1
0.4,233,1.0,0,0.2,1
0.4,234,2.2,0,0.2,0
0.4,235,3.4,0,0.2,1
0.4,236,0.4,0,0.4,0
0.4,237,0.0,0,0.0,2
0.4,238,0.4,0,0.0,2
0.4,239,1.4,0,0.2,0
0.4,240,1.8,0,0.2,1
0.4,241,1.6,0,0.0,1
0.4,242,0.4,0,0.4,0
0.4,243,0.6,0,0.2,0
0.4,244,2.4,0,0.4,1
0.4,245,1.8,0,0.2,1
0.4,246,4.6,0,0.2,1
0.4,247,1.6,0,0.0,2
0.4,248,3.0,0,0.6,2
0.4,249,5.2,0,0.4,2
0.4,250,1.2,0,0.0,2
0.4,251,1.2,0,1.2,2
0.4,252,0.4,0,0.0,1
0.4,253,1.0,0,0.2,1
0.4,254,5.4,0,0.2,0
0.4,255,6.0,0,0.0,0
0.4,256,0.2,0,0.2,0
0.4,257,0.4,0,0.0,2
0.4,258,0.2,0,0.2,0
0.4,259,2.4,0,0.4,1
0.4,260,0.8,0,0.8,1
0.4,261,5.8,0,0.2,1
0.4,262,5.0,0,0.2,1
0.4,263,0.8,0,0.0,1
0.4,264,11.0,0,5.4,1
0.4,265,2.6,0,0.2,0
0.4,266,3.2,0,0.4,1
0.4,267,2.8,0,0.4,2
0.4,268,2.2,0,0.2,3
0.4,269,5.4,0,0.6,1
0.4,270,0.6,0,0.2,2
0.4,271,0.4,0,0.4,0
0.4,272,1.8,0,0.2,1
0.4,273,0.2,0,0.2,1
0.4,274,2.4,0,0.4,0
0.4,275,4.4,0,0.0,0
0.4,276,0.4,0,0.4,0
0.4,277,0.0,0,0.0,1
0.4,278,0.8,0,0.4,1
0.4,279,1.4,0,0.6,1
0.4,280,1.4,0,0.2,0
0.4,281,5.4,0,0.2,2
0.4,282,0.2,0,0.2,0
0.4,283,1.4,0,0.6,1
0.4,284,2.2,0,0.2,1
0.4,285,0.6,0,0.6,1
0.4,286,4.6,0,1.0,0
0.4,287,3.0,0,0.2,0
0.4,288,2.6,0,0.2,1
0.4,289,4.6,0,0.2,2
0.4,290,1.0,0,0.2,1
0.4,291,4.2,0,0.2,1
0.4,292,6.8,0,0.8,3
0.4,293,0.0,0,0.0,0
0.4,294,0.2,0,0.2,2
0.4,295,1.2,0,0.8,1
0.4,296,0.2,0,0.2,0
0.4,297,1.4,0,0.6,3
0.4,298,2.0,0,0.4,2
0.4,299,3.4,0,0.2,1
0.4,300,0.6,0,0.2,1
0.4,301,1.6,0,0.4,1
0.4,302,14.6,0,2.6,0
0.4,303,2.4,0,0.0,0
0.4,304,0.4,0,0.4,2
0.4,305,1.4,0,0.2,1
0.4,306,0.2,0,0.2,0
0.4,307,1.6,0,0.0,1
0.4,308,1.8,0,0.2,2
0.4,309,0.6,0,0.6,0
0.4,310,4.6,0,0.2,1
0.4,311,1.6,0,0.0,2
0.4,312,3.8,0,0.2,1
0.4,313,5.8,0,0.2,0
0.4,314,0.2,0,0.2,0
0.4,315,2.2,0,0.2,1
0.4,316,0.8,0,0.8,0
0.4,317,0.4,0,0.0,2
0.4,318,3.4,0,0.2,1
0.4,319,2.4,0,0.4,1
0.4,320,4.4,0,0.0,1
0.4,321,1.0,0,0.2,1
0.4,322,3.8,0,0.6,0
0.4,323,0.8,0,0.8,0
0.4,324,0.2,0,0.2,1
0.4,325,0.4,0,0.4,1
0.4,326,1.6,0,1.6,0
0.4,327,3.4,0,0.6,0
0.4,328,1.4,0,0.2,2
0.4,329,2.4,0,0.0,1
0.4,330,1.8,0,0.6,2
0.4,331,1.0,0,0.2,0
0.4,332,0.4,0,0.4,0
0.4,333,3.8,0,0.2,1
0.4,334,0.6,0,0.2,1
0.4,335,1.0,0,0.6,1
0.4,336,5.2,0,0.4,2
0.4,337,0.6,0,0.6,1
0.4,338,1.4,0,0.2,0
0.4,339,1.2,0,0.4,1
0.4,340,1.2,0,0.4,1
0.4,341,2.6,0,0.2,2
0.4,342,2.6,0,0.2,1
0.4,343,0.4,0,0.0,1
0.4,344,9.8,0,0.2,1
0.4,345,0.6,0,0.2,0
0.4,346,3.0,0,0.2,1
0.4,347,0.6,0,0.2,0
0.4,348,0.6,0,0.2,1
0.4,349,2.0,0,0.4,2
0.4,350,1.4,0,1.0,0
0.4,351,0.4,0,0.4,0
0.4,352,1.8,0,1.0,2
0.4,353,3.4,0,0.2,0
0.4,354,1.6,0,0.0,0
0.4,355,1.0,0,0.2,1
0.4,356,6.2,0,0.2,1
0.4,357,0.0,0,0.0,0
0.4,358,1.0,0,0.6,1
0.4,359,0.0,0,0.0,2
0.4,360,0.6,0,0.2,1
0.4,361,0.4,0,0.0,0
0.4,362,2.4,0,0.4,1
0.4,363,0.0,0,0.0,0
0.4,364,1.6,0,0.0,1
0.4,365,0.8,0,0.0,1
0.4,366,0.6,0,0.2,1
0.4,367,0.4,0,0.0,1
0.4,368,0.2,0,0.2,0
0.4,369,6.6,0,1.0,1
0.4,370,0.4,0,0.0,1
0.4,371,0.2,0,0.2,0
0.4,372,0.2,0,0.2,2
0.4,373,8.4,0,2.8,2
0.4,374,4.8,0,0.0,0
0.4,375,0.2,0,0.2,0
0.4,376,0.2,0,0.2,2
0.4,377,0.8,0,0.0,1
0.4,378,1.2,0,0.4,1
0.4,379,0.4,0,0.0,2
0.4,380,2.0,0,0.8,0
0.4,381,0.8,0,0.0,1
0.4,382,2.2,0,0.2,0
0.4,383,3.2,0,0.0,0
0.4,384,0.0,0,0.0,0
0.4,385,1.6,0,0.0,0
0.4,386,0.8,0,0.8,0
0.4,387,2.6,0,0.2,1
0.4,388,3.0,0,0.6,0
0.4,389,1.6,0,0.8,0
0.4,390,0.6,0,0.2,1
0.4,391,1.6,0,0.4,1
0.4,392,2.0,0,0.0,1
0.4,393,0.6,0,0.2,1
0.4,394,11.6,0,0.0,2
0.4,395,6.6,0,0.2,1
0.4,396,0.2,0,0.2,1
0.4,397,0.8,0,0.0,2
0.4,398,1.0,0,0.2,1
0.4,399,3.4,0,0.2,1
0.4,400,1.0,0,0.2,2
0.4,401,2.2,0,1.0,1
0.4,402,3.4,0,2.2,0
0.4,403,6.6,0,0.2,2
0.4,404,1.0,0,1.0,0
0.4,405,2.0,0,1.6,2
0.4,406,0.0,0,0.0,0
0.4,407,0.8,0,0.0,2
0.4,408,0.8,0,0.0,1
0.4,409,2.8,0,0.0,1
0.4,410,0.6,0,0.2,0
0.4,411,1.4,0,0.6,1
0.4,412,0.2,0,0.2,0
0.4,413,0.4,0,0.4,0
0.4,414,0.8,0,0.0,2
0.4,415,1.0,0,0.2,1
0.4,416,0.4,0,0.4,0
0.4,417,2.2,0,1.8,1
0.4,418,9.2,0,0.0,1
0.4,419,0.0,0,0.0,0
0.4,420,3.2,0,0.0,2
0.4,421,0.2,0,0.2,0
0.4,422,2.6,0,0.2,1
0.4,423,1.0,0,0.2,1
0.4,424,0.4,0,0.4,0
0.4,425,3.0,0,1.0,1
0.4,426,1.2,0,0.0,0
0.4,427,0.8,0,0.4,1
0.4,428,0.6,0,0.6,0
0.4,429,2.2,0,0.2,0
0.4,430,2.2,0,0.2,1
0.4,431,0.0,0,0.0,0
0.4,432,0.2,0,0.2,0
0.4,433,0.6,0,0.2,0
0.4,434,2.0,0,0.0,1
0.4,435,3.0,0,0.6,1
0.4,436,0.4,0,0.0,0
0.4,437,0.4,0,0.0,0
0.4,438,0.2,0,0.2,0
0.4,439,1.2,0,0.0,0
0.4,440,0.4,0,0.4,0
0.4,441,4.4,0,0.4,1
0.4,442,2.2,0,0.2,1
0.4,443,0.2,0,0.2,0
0.4,444,1.0,0,0.2,1
0.4,445,2.0,0,0.0,2
0.4,446,0.4,0,0.4,0
0.4,447,0.2,0,0.2,0
0.4,448,1.4,0,0.2,1
0.4,449,1.2,0,0.0,1
0.4,450,3.2,0,0.4,1
0.4,451,6.0,0,0.0,1
0.4,452,9.0,0,0.2,1
0.4,453,1.0,0,0.2,1
0.4,454,0.6,0,0.6,0
0.4,455,0.8,0,0.4,2
0.4,456,0.4,0,0.4,1
0.4,457,3.4,0,1.0,0
0.4,458,2.2,0,0.2,0
0.4,459,0.4,0,0.0,2
0.4,460,2.2,0,0.2,2
0.4,461,11.6,0,0.4,1
0.4,462,1.2,0,0.0,0
0.4,463,7.4,0,0.6,1
0.4,464,0.4,0,0.4,0
0.4,465,4.0,0,0.4,0
0.4,466,0.8,0,0.0,3
0.4,467,1.4,0,0.6,2
0.4,468,2.2,0,0.2,1
0.4,469,0.8,0,0.0,0
0.4,470,1.2,0,0.0,2
0.4,471,0.2,0,0.2,1
0.4,472,0.8,0,0.0,2
0.4,473,6.8,0,0.0,1
0.4,474,3.8,0,0.6,0
0.4,475,0.8,0,0.4,1
0.4,476,1.0,0,0.2,1
0.4,477,5.0,0,0.2,1
0.4,478,0.8,0,0.0,2
0.4,479,0.2,0,0.2,1
0.4,480,10.4,0,0.4,1
0.4,481,3.6,0,0.4,1
0.4,482,0.4,0,0.0,1
0.4,483,0.2,0,0.2,1
0.4,484,0.2,0,0.2,0
0.4,485,3.2,0,1.6,2
0.4,486,0.6,0,0.6,2
0.4,487,0.8,0,0.0,1
0.4,488,2.2,0,0.2,1
0.4,489,5.0,0,0.6,2
0.4,490,2.0,0,0.4,2
0.4,491,1.0,0,0.2,0
0.4,492,1.4,0,0.2,3
0.4,493,0.8,0,0.4,2
0.4,494,0.0,0,0.0,1
0.4,495,0.8,0,0.0,1
0.4,496,0.0,0,0.0,0
0.4,497,0.4,0,0.0,2
0.4,498,1.4,0,0.2,2
0.4,499,0.2,0,0.2,0
0.4,500,2.8,0,0.4,1
0.4,501,0.8,0,0.0,0
0.4,502,0.6,0,0.2,1
0.4,503,0.6,0,0.2,1
0.4,504,0.4,0,0.0,2
0.4,505,0.4,0,0.4,0
0.4,506,1.0,0,1.0,0
0.4,507,0.2,0,0.2,2
0.4,508,5.8,0,0.2,1
0.4,509,5.2,0,0.4,0
0.4,510,0.2,0,0.2,0
0.4,511,0.8,0,0.8,1
0.4,512,6.0,0,0.8,2
0.4,513,1.2,0,0.0,1
0.4,514,1.2,0,0.0,0
0.4,515,3.2,0,0.4,2
0.4,516,0.6,0,0.6,0
0.4,517,2.8,0,0.8,1
0.4,518,4.2,0,0.2,0
0.4,519,0.6,0,0.2,2
0.4,520,1.4,0,0.2,1
0.4,521,1.0,0,0.6,1
0.4,522,0.6,0,0.2,1
0.4,523,2.0,0,0.4,1
0.4,524,1.0,0,0.2,0
0.4,525,0.6,0,0.6,0
0.4,526,1.2,0,0.0,0
0.4,527,3.4,0,0.2,2
0.4,528,2.8,0,0.0,1
0.4,529,0.2,0,0.2,1
0.4,530,2.2,0,0.2,1
0.4,531,0.6,0,0.6,1
0.4,532,4.2,0,0.6,1
0.4,533,2.0,0,0.0,1
0.4,534,3.8,0,0.6,2
0.4,535,1.2,0,0.0,1
0.4,536,0.6,0,0.2,1
0.4,537,4.8,0,1.6,0
0.4,538,2.2,0,0.2,1
0.4,539,0.2,0,0.2,0
0.4,540,0.2,0,0.2,2
0.4,541,0.0,0,0.0,1
0.4,542,2.2,0,0.2,2
0.4,543,2.6,0,0.2,1
0.4,544,1.4,0,0.2,1
0.4,545,0.2,0,0.2,0
0.4,546,1.0,0,0.2,0
0.4,547,0.2,0,0.2,0
0.4,548,1.8,0,0.2,0
0.4,549,0.4,0,0.0,1
0.4,550,3.0,0,0.2,1
0.4,551,3.6,0,0.0,1
0.4,552,1.6,0,0.0,1
0.4,553,0.6,0,0.2,2
0.4,554,0.6,0,0.6,0
0.4,555,0.2,0,0.2,0
0.4,556,0.4,0,0.4,0
0.4,557,0.2,0,0.2,0
0.4,558,0.0,0,0.0,0
0.4,559,3.4,0,0.2,0
0.4,560,0.6,0,0.2,0
0.4,561,1.8,0,0.2,2
0.4,562,0.6,0,0.2,0
0.4,563,4.0,0,2.4,0
0.4,564,0.0,0,0.0,1
0.4,565,10.4,0,0.0,1
0.4,566,3.0,0,0.6,0
0.4,567,1.6,0,0.8,1
0.4,568,8.2,0,0.2,1
0.4,569,3.0,0,0.2,1
0.4,570,4.6,0,0.2,0
0.4,571,4.8,0,0.4,1
0.4,572,3.2,0,0.4,1
0.4,573,0.8,0,0.0,1
0.4,574,10.6,0,1.4,3
0.4,575,0.6,0,0.2,0
0.4,576,3.2,0,0.4,1
0.4,577,5.6,0,0.4,1
0.4,578,11.2,0,3.6,3
0.4,579,0.6,0,0.2,0
0.4,580,2.0,0,0.0,1
0.4,581,2.0,0,0.0,1
0.4,582,3.8,0,0.2,2
0.4,583,0.6,0,0.6,0
0.4,584,3.6,0,0.0,2
0.4,585,0.4,0,0.4,1
0.4,586,0.0,0,0.0,0
0.4,587,0.6,0,0.2,0
0.4,588,2.0,0,0.0,1
0.4,589,1.4,0,0.2,1
0.4,590,3.4,0,0.2,1
0.4,591,2.4,0,0.0,2
0.4,592,0.2,0,0.2,0
0.4,593,2.4,0,0.0,0
0.4,594,0.4,0,0.0,0
0.4,595,1.0,0,0.2,2
0.4,596,8.0,0,0.0,2
0.4,597,0.4,0,0.0,1
0.4,598,0.4,0,0.4,0
0.4,599,0.6,0,0.2,0
0.4,600,2.6,0,0.2,1
0.4,601,0.2,0,0.2,1
0.4,602,2.2,0,0.2,0
0.4,603,2.2,0,0.2,2
0.4,604,0.0,0,0.0,0
0.4,605,1.8,0,0.2,0
0.4,606,2.4,0,0.0,1
0.4,607,1.0,0,0.2,1
0.4,608,0.2,0,0.2,0
0.4,609,1.2,0,0.0,2
0.4,610,4.6,0,0.2,1
0.4,611,4.6,0,1.8,1
0.4,612,4.4,0,0.0,1
0.4,613,3.8,0,1.0,1
0.4,614,2.0,0,0.8,1
0.4,615,0.8,0,0.4,3
0.4,616,3.4,0,0.2,2
0.4,617,0.2,0,0.2,2
0.4,618,0.0,0,0.0,0
0.4,619,4.6,0,3.4,1
0.4,620,1.6,0,0.0,1
0.4,621,0.2,0,0.2,0
0.4,622,2.8,0,0.0,0
0.4,623,0.4,0,0.0,1
0.4,624,1.6,0,0.4,2
0.4,625,7.2,0,0.4,1
0.4,626,0.0,0,0.0,1
0.4,627,2.8,0,0.4,1
0.4,628,4.4,0,4.4,0
0.4,629,1.0,0,0.6,1
0.4,630,9.2,0,0.4,0
0.4,631,1.0,0,0.2,0
0.4,632,1.8,0,0.6,1
0.4,633,2.2,0,0.2,1
0.4,634,8.8,0,0.0,1
0.4,635,0.8,0,0.0,3
0.4,636,2.0,0,0.0,1
0.4,637,1.4,0,0.6,0
0.4,638,6.0,0,0.4,1
0.4,639,2.4,0,0.4,3
0.4,640,0.2,0,0.2,0
0.4,641,0.8,0,0.0,1
0.4,642,0.0,0,0.0,0
0.4,643,0.8,0,0.0,1
0.4,644,1.8,0,0.6,2
0.4,645,1.4,0,0.2,1
0.4,646,0.6,0,0.2,1
0.4,647,0.4,0,0.4,0
0.4,648,5.8,0,0.2,2
0.4,649,0.2,0,0.2,0
0.4,650,0.2,0,0.2,0
0.4,651,2.6,0,0.2,2
0.4,652,0.8,0,0.0,1
0.4,653,7.6,0,3.6,1
0.4,654,0.4,0,0.0,0
0.4,655,0.0,0,0.0,0
0.4,656,1.0,0,0.2,2
0.4,657,0.4,0,0.4,1
0.4,658,0.2,0,0.2,0
0.4,659,0.8,0,0.0,1
0.4,660,0.6,0,0.2,1
0.4,661,0.8,0,0.8,0
0.4,662,4.8,0,0.0,1
0.4,663,1.2,0,0.4,2
0.4,664,0.2,0,0.2,0
0.4,665,1.6,0,0.4,3
0.4,666,1.0,0,0.6,0
0.4,667,3.4,0,0.2,0
0.4,668,1.8,0,0.2,0
0.4,669,3.2,0,0.0,2
0.4,670,0.0,0,0.0,0
0.4,671,1.8,0,0.2,3
0.4,672,6.0,0,0.4,1
0.4,673,1.4,0,0.2,2
0.4,674,2.4,0,1.2,1
0.4,675,0.4,0,0.0,1
0.4,676,1.2,0,0.4,1
0.4,677,0.6,0,0.6,1
0.4,678,1.0,0,0.2,1
0.4,679,0.4,0,0.4,0
0.4,680,1.0,0,0.6,1
0.4,681,1.0,0,0.6,1
0.4,682,1.6,0,0.4,1
0.4,683,1.2,0,0.4,1
0.4,684,16.2,0,0.2,2
0.4,685,2.2,0,0.6,1
0.4,686,0.4,0,0.4,1
0.4,687,0.8,0,0.0,0
0.4,688,0.2,0,0.2,0
0.4,689,2.2,0,0.2,2
0.4,690,2.8,0,1.2,1
0.4,691,11.2,0,0.4,2
0.4,692,1.0,0,1.0,0
0.4,693,1.4,0,1.0,2
0.4,694,0.0,0,0.0,0
0.4,695,0.8,0,0.4,0
0.4,696,1.0,0,0.6,0
0.4,697,1.0,0,0.2,1
0.4,698,2.0,0,0.4,1
0.4,699,0.6,0,0.2,1
0.4,700,0.6,0,0.6,0
0.4,701,0.6,0,0.2,0
0.4,702,2.6,0,0.2,1
0.4,703,0.2,0,0.2,0
0.4,704,0.6,0,0.2,1
0.4,705,2.0,0,0.0,1
0.4,706,2.0,0,0.0,1
0.4,707,0.6,0,0.2,1
0.4,708,1.6,0,0.0,1
0.4,709,1.0,0,0.2,0
0.4,710,1.8,0,0.2,1
0.4,711,2.6,0,0.2,1
0.4,712,2.8,0,0.0,2
0.4,713,0.6,0,0.2,1
0.4,714,3.6,0,0.0,1
0.4,715,3.8,0,0.2,0
0.4,716,1.8,0,0.2,1
0.4,717,0.2,0,0.2,2
0.4,718,4.6,0,0.2,1
0.4,719,1.0,0,1.0,0
0.4,720,0.8,0,0.0,2
0.4,721,8.2,0,0.6,3
0.4,722,0.2,0,0.2,0
0.4,723,2.0,0,0.0,1
0.4,724,1.6,0,0.0,1
0.4,725,0.0,0,0.0,0
0.4,726,1.8,0,0.2,1
0.4,727,0.4,0,0.0,1
0.4,728,12.8,0,0.4,0
0.4,729,4.0,0,0.4,1
0.4,730,0.8,0,0.8,0
0.4,731,1.4,0,0.2,2
0.4,732,0.2,0,0.2,0
0.4,733,1.6,0,0.0,1
0.4,734,7.8,0,0.6,0
0.4,735,2.0,0,0.0,2
0.4,736,0.2,0,0.2,3
0.4,737,3.2,0,0.0,2
0.4,738,2.2,0,0.2,1
0.4,739,1.4,0,0.2,1
0.4,740,1.4,0,1.0,1
0.4,741,0.4,0,0.4,0
0.4,742,0.2,0,0.2,0
0.4,743,1.4,0,0.2,2
0.4,744,0.0,0,0.0,0
0.4,745,2.6,0,0.2,1
0.4,746,1.4,0,0.2,1
0.4,747,1.6,0,0.0,2
0.4,748,2.4,0,0.0,1
0.4,749,0.0,0,0.0,0
0.4,750,1.0,0,0.2,2
0.4,751,0.4,0,0.0,2
0.4,752,0.0,0,0.0,1
0.4,753,7.6,0,0.0,1
0.4,754,0.8,0,0.4,1
0.4,755,6.0,0,0.4,1
0.4,756,1.2,0,1.2,0
0.4,757,0.4,0,0.0,0
0.4,758,1.4,0,0.2,2
0.4,759,2.0,0,0.8,1
0.4,760,4.0,0,0.4,1
0.4,761,0.6,0,0.2,0
0.4,762,1.6,0,0.4,1
0.4,763,1.6,0,0.0,1
0.4,764,6.0,0,0.8,1
0.4,765,0.8,0,0.4,2
0.4,766,1.2,0,0.4,2
0.4,767,0.0,0,0.0,0
0.4,768,2.8,0,0.0,1
0.4,769,1.8,0,0.2,1
0.4,770,0.4,0,0.4,1
0.4,771,1.0,0,0.2,2
0.4,772,0.4,0,0.4,0
0.4,773,0.8,0,0.0,3
0.4,774,0.4,0,0.0,1
0.4,775,10.4,0,0.4,0
0.4,776,0.2,0,0.2,0
0.4,777,3.6,0,0.8,3
0.4,778,0.2,0,0.2,1
0.4,779,2.6,0,1.8,0
0.4,780,1.2,0,0.4,1
0.4,781,6.0,0,0.4,1
0.4,782,1.0,0,0.2,0
0.4,783,4.0,0,0.0,2
0.4,784,0.0,0,0.0,1
0.4,785,0.4,0,0.0,0
0.4,786,3.0,0,0.6,1
0.4,787,3.0,0,0.2,1
0.4,788,0.6,0,0.6,0
0.4,789,0.6,0,0.6,0
0.4,790,1.8,0,0.2,0
0.4,791,0.0,0,0.0,0
0.4,792,1.4,0,0.6,1
0.4,793,1.8,0,0.2,1
0.4,794,3.6,0,0.0,1
0.4,795,0.2,0,0.2,1
0.4,796,3.4,0,0.6,1
0.4,797,0.2,0,0.2,0
0.4,798,10.6,0,0.2,1
0.4,799,1.2,0,0.4,1
0.4,800,1.2,0,0.0,0
0.4,801,1.4,0,0.2,2
0.4,802,1.2,0,0.0,1
0.4,803,0.2,0,0.2,0
0.4,804,0.0,0,0.0,1
0.4,805,0.6,0,0.2,2
0.4,806,1.2,0,0.4,0
0.4,807,0.2,0,0.2,1
0.4,808,0.2,0,0.2,0
0.4,809,1.6,0,0.4,0
0.4,810,2.4,0,0.0,0
0.4,811,2.8,0,0.4,2
0.4,812,0.4,0,0.4,2
0.4,813,1.4,0,0.2,2
0.4,814,0.8,0,0.0,0
0.4,815,5.8,0,0.2,2
0.4,816,5.4,0,0.2,1
0.4,817,0.4,0,0.0,1
0.4,818,8.2,0,0.2,1
0.4,819,0.4,0,0.4,1
0.4,820,0.6,0,0.2,1
0.4,821,1.2,0,0.4,2
0.4,822,3.8,0,0.2,1
0.4,823,0.6,0,0.2,1
0.4,824,14.8,0,0.4,0
0.4,825,3.6,0,0.0,1
0.4,826,0.2,0,0.2,0
0.4,827,7.4,0,0.2,0
0.4,828,1.8,0,0.2,1
0.4,829,0.6,0,0.2,1
0.4,830,0.2,0,0.2,0
0.4,831,2.2,0,0.2,1
0.4,832,6.4,0,2.4,0
0.4,833,7.4,0,0.6,0
0.4,834,0.0,0,0.0,0
0.4,835,1.2,0,0.4,2
0.4,836,2.6,0,0.2,0
0.4,837,1.0,0,0.6,2
0.4,838,0.6,0,0.2,1
0.4,839,1.0,0,0.2,1
0.4,840,5.0,0,0.2,1
0.4,841,2.6,0,0.2,1
0.4,842,3.6,0,0.0,0
0.4,843,7.8,0,1.0,1
0.4,844,0.2,0,0.2,0
0.4,845,1.2,0,0.0,1
0.4,846,1.2,0,0.0,0
0.4,847,2.6,0,0.2,1
0.4,848,4.6,0,0.2,2
0.4,849,4.0,0,0.0,0
0.4,850,0.4,0,0.0,1
0.4,851,0.4,0,0.4,0
0.4,852,4.8,0,0.4,2
0.4,853,0.2,0,0.2,2
0.4,854,1.2,0,0.4,2
0.4,855,0.8,0,0.4,0
0.4,856,0.8,0,0.0,1
0.4,857,7.4,0,0.2,0
0.4,858,1.0,0,0.2,0
0.4,859,0.8,0,0.0,1
0.4,860,1.4,0,0.6,0
0.4,861,1.8,0,0.2,2
0.4,862,5.8,0,0.2,2
0.4,863,0.6,0,0.2,1
0.4,864,2.4,0,0.0,0
0.4,865,0.4,0,0.4,0
0.4,866,2.0,0,0.0,1
0.4,867,0.4,0,0.0,1
0.4,868,14.6,0,0.6,1
0.4,869,0.8,0,0.0,2
0.4,870,10.6,0,0.6,2
0.4,871,1.4,0,0.2,2
0.4,872,7.4,0,0.6,1
0.4,873,2.8,0,0.0,2
0.4,874,3.8,0,0.2,1
0.4,875,0.2,0,0.2,0
0.4,876,0.4,0,0.4,1
0.4,877,4.8,0,0.0,0
0.4,878,0.0,0,0.0,0
0.4,879,7.4,0,1.4,1
0.4,880,0.0,0,0.0,0
0.4,881,0.6,0,0.2,1
0.4,882,2.0,0,0.4,0
0.4,883,8.2,0,0.2,2
0.4,884,2.2,0,0.6,1
0.4,885,1.0,0,0.2,2
0.4,886,0.6,0,0.6,0
0.4,887,1.4,0,0.2,1
0.4,888,0.6,0,0.2,1
0.4,889,3.2,0,0.0,1
0.4,890,6.2,0,0.2,0
0.4,891,0.6,0,0.2,1
0.4,892,0.6,0,0.2,3
0.4,893,1.0,0,1.0,0
0.4,894,1.2,0,0.0,1
0.4,895,3.0,0,0.2,1
0.4,896,5.2,0,3.6,1
0.4,897,2.6,0,0.6,3
0.4,898,0.8,0,0.8,0
0.4,899,0.2,0,0.2,0
0.4,900,0.0,0,0.0,0
0.4,901,0.8,0,0.0,2
0.4,902,0.2,0,0.2,1
0.4,903,2.6,0,0.2,1
0.4,904,0.4,0,0.4,1
0.4,905,1.8,0,0.6,2
0.4,906,0.4,0,0.4,0
0.4,907,5.4,0,0.2,1
0.4,908,0.0,0,0.0,0
0.4,909,1.0,0,0.2,2
0.4,910,1.2,0,0.4,1
0.4,911,2.6,0,0.6,1
0.4,912,1.4,0,0.6,1
0.4,913,1.0,0,0.2,1
0.4,914,4.0,0,0.8,0
0.4,915,3.6,0,0.0,1
0.4,916,4.0,0,0.4,1
0.4,917,0.4,0,0.4,0
0.4,918,2.4,0,0.0,0
0.4,919,2.2,0,0.2,2
0.4,920,3.2,0,0.0,2
0.4,921,0.6,0,0.6,0
0.4,922,0.0,0,0.0,0
0.4,923,0.8,0,0.4,1
0.4,924,0.0,0,0.0,0
0.4,925,5.6,0,0.4,0
0.4,926,2.2,0,0.2,1
0.4,927,1.6,0,0.4,1
0.4,928,1.2,0,0.0,1
0.4,929,2.2,0,0.2,0
0.4,930,2.8,0,0.8,1
0.4,931,0.4,0,0.4,1
0.4,932,7.4,0,0.2,0
0.4,933,0.8,0,0.4,0
0.4,934,0.0,0,0.0,0
0.4,935,2.8,0,0.0,0
0.4,936,3.4,0,0.2,1
0.4,937,1.0,0,0.2,1
0.4,938,2.4,0,1.2,2
0.4,939,3.4,0,0.6,3
0.4,940,0.2,0,0.2,0
0.4,941,2.4,0,0.0,1
0.4,942,2.6,0,0.2,1
0.4,943,2.2,0,1.0,0
0.4,944,2.0,0,0.4,1
0.4,945,1.8,0,0.2,0
0.4,946,5.0,0,0.2,0
0.4,947,2.8,0,0.4,2
0.4,948,3.6,0,0.0,1
0.4,949,0.2,0,0.2,0
0.4,950,3.8,0,0.2,2
0.4,951,1.4,0,0.2,0
0.4,952,1.0,0,0.2,1
0.4,953,1.0,0,0.2,2
0.4,954,0.2,0,0.2,0
0.4,955,3.6,0,0.0,0
0.4,956,0.8,0,0.0,0
0.4,957,4.6,0,0.2,1
0.4,958,0.8,0,0.8,2
0.4,959,4.2,0,0.2,2
0.4,960,1.2,0,0.8,1
0.4,961,1.8,0,0.2,0
0.4,962,4.6,0,0.2,1
0.4,963,4.0,0,0.0,0
0.4,964,1.2,0,0.8,1
0.4,965,1.0,0,0.2,1
0.4,966,1.4,0,0.2,0
0.4,967,1.8,0,0.2,1
0.4,968,1.2,0,0.0,1
0.4,969,2.0,0,0.4,1
0.4,970,1.8,0,0.6,0
0.4,971,0.2,0,0.2,0
0.4,972,2.6,0,2.6,0
0.4,973,2.4,0,0.4,0
0.4,974,0.8,0,0.0,2
0.4,975,3.0,0,0.6,1
0.4,976,2.0,0,0.0,1
0.4,977,2.2,0,0.2,0
0.4,978,2.4,0,0.0,1
0.4,979,3.8,0,0.6,1
0.4,980,9.6,0,0.0,1
0.4,981,1.6,0,0.0,0
0.4,982,5.2,0,0.8,2
0.4,983,0.0,0,0.0,0
0.4,984,1.4,0,0.2,1
0.4,985,2.8,0,0.4,1
0.4,986,0.2,0,0.2,0
0.4,987,1.4,0,0.2,1
0.4,988,0.2,0,0.2,1
0.4,989,0.8,0,0.0,1
0.4,990,0.4,0,0.4,0
0.4,991,0.6,0,0.6,0
0.4,992,2.0,0,0.4,1
0.4,993,0.6,0,0.2,2
0.4,994,0.2,0,0.2,1
0.4,995,7.4,0,5.8,1
0.4,996,0.4,0,0.0,0
0.4,997,6.6,0,0.2,0
0.4,998,2.2,0,0.6,1
0.4,999,13.4,0,0.2,2
0.5,0,6.0,0,0.0,0
0.5,1,2.4,0,0.8,2
0.5,2,2.6,0,0.2,2
0.5,3,0.2,0,0.2,0
0.5,4,4.0,0,0.4,0
0.5,5,0.6,0,0.6,2
0.5,6,9.4,0,1.4,0
0.5,7,0.8,0,0.4,0
0.5,8,1.0,0,0.2,1
0.5,9,14.0,0,0.0,1
0.5,10,2.8,0,0.4,2
0.5,11,0.6,0,0.2,0
0.5,12,1.0,0,1.0,2
0.5,13,2.4,0,0.0,0
0.5,14,8.6,0,0.6,1
0.5,15,1.2,0,0.4,0
0.5,16,1.4,0,0.2,1
0.5,17,6.4,0,0.4,1
0.5,18,2.2,0,0.6,2
0.5,19,0.4,0,0.0,2
0.5,20,1.8,0,0.2,1
0.5,21,1.0,0,0.2,1
0.5,22,0.2,0,0.2,2
0.5,23,0.8,0,0.4,2
0.5,24,2.2,0,0.2,1
0.5,25,0.0,0,0.0,1
0.5,26,0.2,0,0.2,0
0.5,27,0.4,0,0.4,0
0.5,28,0.0,0,0.0,0
0.5,29,1.4,0,0.2,2
0.5,30,3.6,0,0.4,1
0.5,31,0.8,0,0.0,1
0.5,32,1.8,0,0.2,1
0.5,33,0.2,0,0.2,0
0.5,34,5.0,0,0.6,1
0.5,35,0.6,0,0.2,1
0.5,36,12.6,0,0.2,0
0.5,37,0.8,0,0.4,2
0.5,38,3.0,0,0.6,0
0.5,39,0.8,0,0.0,1
0.5,40,2.6,0,0.6,1
0.5,41,2.6,0,0.6,0
0.5,42,1.6,0,0.0,2
0.5,43,0.8,0,0.0,1
0.5,44,0.0,0,0.0,1
0.5,45,0.8,0,0.4,1
0.5,46,1.2,0,0.0,0
0.5,47,4.2,0,1.0,0
0.5,48,0.6,0,0.2,1
0.5,49,0.6,0,0.6,0
0.5,50,0.4,0,0.4,0
0.5,51,5.6,0,0.0,1
0.5,52,0.8,0,0.0,1
0.5,53,1.6,0,0.0,1
0.5,54,0.2,0,0.2,0
0.5,55,0.6,0,0.2,1
0.5,56,0.4,0,0.0,1
0.5,57,1.8,0,0.2,1
0.5,58,0.6,0,0.2,1
0.5,59,4.4,0,1.2,2
0.5,60,0.4,0,0.0,1
0.5,61,0.4,0,0.4,0
0.5,62,2.0,0,0.0,2
0.5,63,5.2,0,0.0,1
0.5,64,7.8,0,3.4,2
0.5,65,0.4,0,0.4,0
0.5,66,0.6,0,0.2,2
0.5,67,1.8,0,0.6,1
0.5,68,6.2,0,0.6,2
0.5,69,0.8,0,0.4,2
0.5,70,0.2,0,0.2,0
0.5,71,0.8,0,0.4,2
0.5,72,2.0,0,0.4,2
0.5,73,0.4,0,0.0,2
0.5,74,0.6,0,0.2,2
0.5,75,1.4,0,0.2,2
0.5,76,9.4,0,2.2,0
0.5,77,1.8,0,0.2,1
0.5,78,3.0,0,0.6,1
0.5,79,4.2,0,1.4,2
0.5,80,0.0,0,0.0,0
0.5,81,0.4,0,0.0,1
0.5,82,0.0,0,0.0,0
0.5,83,0.0,0,0.0,2
0.5,84,1.2,0,0.0,1
0.5,85,0.0,0,0.0,0
0.5,86,0.8,0,0.4,1
0.5,87,1.4,0,0.2,0
0.5,88,0.0,0,0.0,1
0.5,89,2.2,0,0.2,2
0.5,90,1.2,0,0.0,1
0.5,91,7.0,0,0.2,0
0.5,92,0.4,0,0.0,1
0.5,93,4.4,0,0.0,1
0.5,94,1.0,0,1.0,2
0.5,95,2.2,0,0.2,0
0.5,96,3.6,0,0.0,0
0.5,97,0.6,0,0.2,1
0.5,98,1.2,0,0.8,2
0.5,99,0.6,0,0.2,1
0.5,100,1.0,0,0.2,1
0.5,101,1.6,0,0.4,2
0.5,102,2.2,0,0.6,1
0.5,103,1.8,0,0.2,1
0.5,104,3.4,0,0.2,1
0.5,105,5.2,0,0.4,0
0.5,106,0.6,0,0.2,0
0.5,107,0.2,0,0.2,0
0.5,108,8.4,0,1.2,2
0.5,109,1.4,0,0.2,1
0.5,110,1.4,0,0.2,1
0.5,111,1.4,0,0.2,0
0.5,112,0.4,0,0.4,0
0.5,113,0.2,0,0.2,0
0.5,114,5.0,0,0.2,1
0.5,115,3.4,0,0.6,1
0.5,116,1.2,0,0.4,1
0.5,117,2.2,0,0.2,2
0.5,118,0.8,0,0.0,1
0.5,119,3.6,0,0.4,2
0.5,120,1.2,0,0.8,0
0.5,121,1.0,0,0.2,2
0.5,122,0.6,0,0.2,1
0.5,123,0.2,0,0.2,2
0.5,124,1.2,0,0.0,1
0.5,125,2.0,0,0.0,2
0.5,126,1.0,0,1.0,2
0.5,127,0.2,0,0.2,0
0.5,128,0.6,0,0.2,1
0.5,129,3.8,0,0.2,1
0.5,130,0.0,0,0.0,0
0.5,131,0.2,0,0.2,0
0.5,132,0.2,0,0.2,2
0.5,133,0.2,0,0.2,1
0.5,134,0.4,0,0.4,1
0.5,135,0.2,0,0.2,0
0.5,136,0.0,0,0.0,0
0.5,137,2.0,0,0.0,2
0.5,138,0.4,0,0.4,0
0.5,139,0.6,0,0.2,0
0.5,140,2.6,0,0.2,0
0.5,141,0.6,0,0.6,0
0.5,142,0.6,0,0.6,3
0.5,143,0.0,0,0.0,0
0.5,144,0.4,0,0.0,1
0.5,145,0.0,0,0.0,0
0.5,146,0.4,0,0.4,0
0.5,147,0.6,0,0.2,2
0.5,148,0.6,0,0.2,2
0.5,149,2.0,0,1.2,1
0.5,150,2.2,0,0.2,2
0.5,151,8.2,0,0.2,1
0.5,152,1.0,0,0.2,2
0.5,153,2.4,0,0.0,1
0.5,154,0.8,0,0.4,2
0.5,155,0.6,0,0.2,1
0.5,156,3.0,0,0.2,1
0.5,157,1.8,0,0.6,0
0.5,158,4.8,0,0.0,1
0.5,159,3.4,0,0.2,0
0.5,160,0.8,0,0.0,2
0.5,161,2.0,0,0.0,1
0.5,162,0.8,0,0.0,2
0.5,163,0.4,0,0.0,2
0.5,164,1.6,0,0.0,1
0.5,165,2.8,0,0.4,1
0.5,166,0.2,0,0.2,0
0.5,167,0.4,0,0.4,3
0.5,168,4.0,0,0.8,1
0.5,169,0.2,0,0.2,0
0.5,170,5.2,0,0.0,1
0.5,171,2.6,0,0.2,1
0.5,172,1.2,0,0.0,3
0.5,173,1.2,0,0.0,2
0.5,174,1.0,0,0.2,2
0.5,175,1.4,0,0.2,3
0.5,176,0.2,0,0.2,1
0.5,177,0.8,0,0.4,1
0.5,178,7.8,0,0.2,2
0.5,179,7.8,0,1.8,1
0.5,180,5.4,0,0.2,0
0.5,181,0.6,0,0.2,1
0.5,182,1.8,0,0.2,1
0.5,183,0.4,0,0.0,1
0.5,184,3.6,0,0.4,1
0.5,185,3.2,0,0.0,2
0.5,186,0.4,0,0.0,2
0.5,187,3.2,0,0.0,1
0.5,188,2.8,0,1.2,1
0.5,189,1.0,0,0.2,0
0.5,190,0.8,0,0.4,1
0.5,191,3.4,0,0.2,1
0.5,192,0.4,0,0.0,1
0.5,193,2.8,0,0.4,1
0.5,194,2.0,0,0.4,1
0.5,195,1.8,0,0.2,0
0.5,196,3.8,0,0.2,1
0.5,197,4.2,0,0.6,0
0.5,198,0.6,0,0.2,1
0.5,199,0.2,0,0.2,3
0.5,200,0.4,0,0.0,1
0.5,201,5.0,0,1.0,0
0.5,202,0.6,0,0.6,1
0.5,203,2.6,0,0.2,3
0.5,204,1.6,0,0.4,1
0.5,205,1.4,0,0.2,2
0.5,206,0.2,0,0.2,0
0.5,207,1.0,0,0.6,1
0.5,208,2.0,0,0.4,2
0.5,209,0.6,0,0.2,1
0.5,210,0.6,0,0.6,2
0.5,211,0.8,0,0.0,1
0.5,212,0.8,0,0.0,3
0.5,213,0.8,0,0.0,2
0.5,215,1.2,0,0.8,1
0.5,216,3.0,0,0.2,2
0.5,217,10.6,0,0.2,0
0.5,218,0.8,0,0.0,2
0.5,219,0.4,0,0.0,1
0.5,220,0.4,0,0.0,1
0.5,221,2.8,0,0.4,2
0.5,222,0.8,0,0.0,0
0.5,223,2.2,0,0.2,1
0.5,224,0.2,0,0.2,0
0.5,225,5.6,0,0.0,2
0.5,226,0.0,0,0.0,0
0.5,227,0.8,0,0.4,3
0.5,228,6.0,0,0.0,2
0.5,229,0.2,0,0.2,0
0.5,230,0.8,0,0.8,0
0.5,231,0.8,0,0.0,0
0.5,232,1.0,0,1.0,1
0.5,233,1.0,0,0.2,0
0.5,234,1.2,0,0.0,2
0.5,235,1.0,0,0.2,2
0.5,236,1.0,0,0.2,1
0.5,237,0.2,0,0.2,0
0.5,238,0.8,0,0.4,1
0.5,239,1.4,0,0.2,1
0.5,240,0.4,0,0.0,2
0.5,241,1.4,0,0.2,1
0.5,242,0.2,0,0.2,1
0.5,243,6.0,0,2.0,1
0.5,244,0.8,0,0.4,1
0.5,245,6.4,0,0.8,1
0.5,246,0.0,0,0.0,0
0.5,247,5.0,0,0.2,2
0.5,248,3.2,0,0.4,2
0.5,249,0.8,0,0.4,1
0.5,250,0.4,0,0.0,2
0.5,251,0.4,0,0.0,0
0.5,252,0.8,0,0.4,0
0.5,253,3.8,0,0.2,1
0.5,254,1.6,0,0.4,1
0.5,255,2.2,0,0.2,1
0.5,256,1.6,0,0.4,2
0.5,257,3.2,0,0.0,1
0.5,258,1.4,0,0.6,2
0.5,259,0.0,0,0.0,0
0.5,260,0.2,0,0.2,0
0.5,261,2.8,0,0.0,2
0.5,262,9.0,0,0.6,2
0.5,263,1.4,0,0.2,2
0.5,264,1.2,0,0.4,3
0.5,265,3.4,0,0.6,1
0.5,266,9.4,0,1.0,1
0.5,267,0.4,0,0.4,1
0.5,268,2.8,0,0.8,2
0.5,269,2.4,0,0.0,2
0.5,270,1.4,0,0.2,1
0.5,271,0.4,0,0.4,0
0.5,272,0.0,0,0.0,0
0.5,273,0.4,0,0.4,2
0.5,274,0.8,0,0.0,1
0.5,275,1.4,0,0.2,2
0.5,276,0.8,0,0.8,0
0.5,277,1.2,0,0.0,1
0.5,278,2.0,0,0.0,1
0.5,279,0.2,0,0.2,0
0.5,280,1.8,0,0.2,0
0.5,281,1.6,0,0.0,1
0.5,282,0.2,0,0.2,0
0.5,283,5.0,0,0.6,2
0.5,284,0.2,0,0.2,0
0.5,285,1.8,0,0.2,0
0.5,286,0.8,0,0.4,3
0.5,287,7.2,0,0.4,1
0.5,288,0.4,0,0.4,0
0.5,289,1.8,0,0.2,1
0.5,290,6.6,0,1.8,0
0.5,291,1.2,0,0.4,0
0.5,292,6.2,0,0.6,2
0.5,293,1.2,0,0.4,0
0.5,294,0.8,0,0.0,1
0.5,295,4.4,0,0.0,1
0.5,296,5.2,0,0.0,1
0.5,297,3.0,0,0.2,1
0.5,298,5.2,0,0.0,1
0.5,299,2.0,0,0.0,1
0.5,300,0.4,0,0.0,1
0.5,301,2.2,0,0.2,2
0.5,302,3.0,0,1.8,1
0.5,303,1.0,0,0.6,0
0.5,304,7.6,0,0.4,1
0.5,305,1.6,0,0.4,1
0.5,306,3.8,0,0.6,2
0.5,307,0.8,0,0.0,2
0.5,308,0.4,0,0.0,1
0.5,309,2.0,0,0.0,1
0.5,310,0.6,0,0.2,2
0.5,311,0.8,0,0.4,1
0.5,312,1.6,0,0.0,1
0.5,313,2.0,0,0.0,3
0.5,314,1.2,0,0.4,0
0.5,315,0.2,0,0.2,0
0.5,316,1.6,0,0.0,0
0.5,317,0.8,0,0.0,1
0.5,318,4.0,0,0.0,2
0.5,319,2.2,0,0.2,1
0.5,320,0.4,0,0.0,1
0.5,321,1.8,0,0.2,1
0.5,322,0.4,0,0.4,0
0.5,323,0.4,0,0.0,2
0.5,324,0.0,0,0.0,0
0.5,325,5.6,0,0.4,3
0.5,326,4.0,0,0.8,2
0.5,327,3.6,0,1.6,2
0.5,328,0.8,0,0.8,3
0.5,329,0.0,0,0.0,0
0.5,330,0.0,0,0.0,0
0.5,331,3.6,0,0.0,0
0.5,332,1.2,0,0.0,1
0.5,333,7.0,0,0.2,1
0.5,334,14.2,0,0.2,1
0.5,335,0.2,0,0.2,2
0.5,336,0.6,0,0.2,1
0.5,337,0.4,0,0.4,2
0.5,338,1.2,0,0.0,2
0.5,339,0.2,0,0.2,2
0.5,340,4.2,0,0.2,1
0.5,341,0.4,0,0.0,1
0.5,342,0.4,0,0.4,0
0.5,343,0.2,0,0.2,0
0.5,344,9.4,0,0.6,1
0.5,345,1.4,0,0.2,1
0.5,346,0.2,0,0.2,0
0.5,347,0.6,0,0.2,1
0.5,348,1.4,0,0.2,1
0.5,349,1.8,0,0.2,1
0.5,350,5.0,0,0.6,2
0.5,351,0.8,0,0.0,1
0.5,352,1.8,0,0.6,1
0.5,353,0.0,0,0.0,0
0.5,354,0.0,0,0.0,0
0.5,355,2.2,0,1.0,1
0.5,356,7.2,0,0.0,2
0.5,357,3.2,0,0.4,1
0.5,358,3.8,0,0.2,2
0.5,359,5.2,0,0.4,1
0.5,360,1.8,0,0.2,0
0.5,361,0.0,0,0.0,0
0.5,362,2.0,0,0.8,1
0.5,363,0.6,0,0.2,3
0.5,364,0.4,0,0.0,0
0.5,365,1.2,0,0.4,0
0.5,366,4.0,0,0.0,1
0.5,367,0.4,0,0.4,0
0.5,368,4.4,0,0.8,1
0.5,369,4.2,0,1.8,2
0.5,370,1.0,0,0.2,1
0.5,371,1.8,0,0.2,1
0.5,372,0.4,0,0.4,0
0.5,373,1.0,0,0.2,0
0.5,374,1.0,0,0.2,2
0.5,375,1.0,0,0.6,2
0.5,376,2.8,0,0.4,0
0.5,377,2.4,0,0.4,2
0.5,378,0.4,0,0.0,2
0.5,379,0.0,0,0.0,0
0.5,380,0.2,0,0.2,0
0.5,381,0.4,0,0.4,0
0.5,382,0.0,0,0.0,0
0.5,383,2.0,0,0.4,2
0.5,384,0.0,0,0.0,0
0.5,385,3.0,0,0.2,1
0.5,386,0.0,0,0.0,0
0.5,387,0.4,0,0.0,1
0.5,388,3.0,0,0.6,0
0.5,389,0.4,0,0.4,0
0.5,390,0.6,0,0.2,2
0.5,392,4.0,0,0.8,2
0.5,393,11.4,0,0.6,3
0.5,394,0.0,0,0.0,0
0.5,395,0.8,0,0.0,1
0.5,396,3.6,0,1.2,3
0.5,397,0.2,0,0.2,1
0.5,398,1.6,0,0.0,1
0.5,399,1.8,0,0.2,1
0.5,400,0.6,0,0.2,0
0.5,401,1.0,0,0.6,2
0.5,402,0.8,0,0.4,2
0.5,403,1.8,0,0.2,1
0.5,404,0.8,0,0.0,2
0.5,405,0.4,0,0.0,1
0.5,406,1.8,0,0.2,1
0.5,407,2.2,0,0.2,1
0.5,408,1.8,0,0.2,0
0.5,409,0.6,0,0.2,0
0.5,410,1.2,0,0.0,1
0.5,411,1.6,0,0.0,0
0.5,412,1.0,0,0.2,0
0.5,413,2.4,0,0.0,1
0.5,414,0.4,0,0.0,1
0.5,415,2.0,0,0.4,1
0.5,416,2.0,0,0.8,1
0.5,417,3.6,0,1.2,1
0.5,418,6.2,0,0.2,0
0.5,419,1.4,0,1.4,0
0.5,420,0.4,0,0.0,1
0.5,421,0.2,0,0.2,0
0.5,422,0.2,0,0.2,1
0.5,423,1.2,0,0.4,0
0.5,424,0.4,0,0.0,1
0.5,425,9.6,0,0.0,0
0.5,426,0.2,0,0.2,0
0.5,427,2.8,0,0.4,2
0.5,428,0.4,0,0.4,0
0.5,429,4.4,0,0.0,1
0.5,430,4.0,0,0.0,2
0.5,431,0.8,0,0.0,1
0.5,432,4.2,0,0.2,1
0.5,433,1.2,0,0.8,2
0.5,434,1.8,0,0.2,2
0.5,435,1.2,0,0.4,1
0.5,436,0.2,0,0.2,0
0.5,437,0.4,0,0.0,0
0.5,438,0.2,0,0.2,0
0.5,439,3.8,0,0.2,2
0.5,440,4.6,0,0.2,2
0.5,441,0.6,0,0.2,1
0.5,442,1.8,0,0.6,1
0.5,443,4.4,0,0.4,2
0.5,444,1.0,0,0.2,1
0.5,445,9.0,0,1.0,0
0.5,446,0.6,0,0.2,2
0.5,447,1.4,0,0.6,1
0.5,448,0.2,0,0.2,0
0.5,449,0.0,0,0.0,0
0.5,450,1.2,0,0.0,1
0.5,451,0.2,0,0.2,0
0.5,452,2.8,0,0.0,1
0.5,453,5.2,0,1.2,1
0.5,454,0.4,0,0.0,2
0.5,455,1.8,0,0.2,2
0.5,456,2.0,0,0.4,1
0.5,457,0.8,0,0.4,1
0.5,458,0.2,0,0.2,0
0.5,459,0.4,0,0.0,1
0.5,460,0.4,0,0.4,0
0.5,461,0.2,0,0.2,0
0.5,462,0.6,0,0.2,1
0.5,463,1.6,0,0.0,0
0.5,464,2.0,0,0.0,0
0.5,465,5.0,0,0.2,1
0.5,466,1.8,0,0.2,3
0.5,467,0.2,0,0.2,0
0.5,468,9.0,0,0.2,1
0.5,469,2.4,0,0.0,2
0.5,470,1.6,0,0.0,1
0.5,471,2.2,0,0.2,1
0.5,472,14.4,0,0.0,2
0.5,473,3.4,0,3.4,0
0.5,474,1.0,0,0.6,1
0.5,475,6.4,0,0.4,1
0.5,476,1.0,0,0.2,1
0.5,477,0.6,0,0.2,1
0.5,478,3.2,0,0.4,0
0.5,479,2.8,0,0.4,2
0.5,480,3.4,0,0.2,1
0.5,481,4.0,0,0.8,1
0.5,482,6.6,0,6.6,0
0.5,483,0.6,0,0.2,1
0.5,484,0.2,0,0.2,0
0.5,485,1.8,0,0.2,0
0.5,486,0.0,0,0.0,1
0.5,487,0.8,0,0.4,1
0.5,488,1.0,0,0.2,2
0.5,489,2.2,0,0.2,1
0.5,490,2.0,0,0.4,1
0.5,491,3.2,0,0.0,2
0.5,492,5.0,0,0.2,1
0.5,493,1.8,0,0.2,1
0.5,494,3.0,0,1.0,2
0.5,495,2.0,0,0.0,0
0.5,496,1.2,0,0.4,2
0.5,497,0.2,0,0.2,1
0.5,498,3.0,0,0.2,1
0.5,499,1.2,0,0.0,1
0.5,500,2.0,0,0.4,2
0.5,501,1.6,0,0.0,1
0.5,502,0.2,0,0.2,0
0.5,503,1.6,0,0.0,1
0.5,504,0.0,0,0.0,1
0.5,505,1.0,0,0.2,1
0.5,506,1.4,0,0.6,2
0.5,507,1.8,0,0.6,1
0.5,508,0.2,0,0.2,0
0.5,509,1.8,0,0.2,1
0.5,510,0.8,0,0.0,1
0.5,511,1.8,0,0.2,1
0.5,512,1.2,0,0.8,1
0.5,513,1.4,0,0.6,0
0.5,514,0.4,0,0.4,0
0.5,515,0.2,0,0.2,3
0.5,517,4.2,0,1.0,1
0.5,518,3.0,0,0.2,1
0.5,519,0.2,0,0.2,0
0.5,520,2.0,0,0.0,0
0.5,521,4.6,0,0.2,3
0.5,522,1.0,0,0.2,2
0.5,523,1.8,0,1.0,1
0.5,524,3.4,0,0.2,0
0.5,525,0.0,0,0.0,0
0.5,526,0.6,0,0.2,0
0.5,527,3.2,0,0.8,0
0.5,528,1.8,0,0.2,3
0.5,529,1.0,0,0.2,1
0.5,530,1.2,0,0.0,0
0.5,531,8.4,0,0.0,2
0.5,532,2.2,0,0.2,2
0.5,533,1.0,0,0.2,1
0.5,534,0.8,0,0.8,0
0.5,535,0.2,0,0.2,0
0.5,536,0.8,0,0.0,2
0.5,537,0.4,0,0.4,0
0.5,538,0.8,0,0.4,1
0.5,539,2.4,0,0.0,0
0.5,540,5.4,0,0.2,2
0.5,541,0.2,0,0.2,2
0.5,542,0.2,0,0.2,2
0.5,543,0.8,0,0.0,0
0.5,544,0.2,0,0.2,0
0.5,545,1.6,0,0.0,2
0.5,546,1.4,0,0.2,2
0.5,547,0.2,0,0.2,0
0.5,548,0.4,0,0.0,2
0.5,549,4.8,0,0.0,1
0.5,550,0.6,0,0.2,1
0.5,551,6.0,0,0.4,1
0.5,552,0.4,0,0.0,2
0.5,553,0.2,0,0.2,1
0.5,554,2.0,0,0.8,0
0.5,555,3.8,0,0.2,1
0.5,556,0.4,0,0.0,2
0.5,557,1.2,0,0.0,1
0.5,558,4.4,0,0.4,1
0.5,559,2.2,0,0.2,1
0.5,560,2.0,0,1.2,1
0.5,561,1.8,0,0.2,1
0.5,562,8.0,0,0.0,2
0.5,563,2.0,0,0.0,2
0.5,564,0.4,0,0.0,2
0.5,565,0.6,0,0.2,2
0.5,566,2.0,0,0.8,0
0.5,567,0.6,0,0.2,1
0.5,568,1.6,0,1.6,0
0.5,569,1.2,0,0.0,2
0.5,570,0.8,0,0.0,1
0.5,571,2.4,0,0.0,2
0.5,572,1.6,0,0.4,1
0.5,573,1.4,0,0.2,1
0.5,574,3.4,0,1.4,1
0.5,575,11.4,0,0.6,1
0.5,576,1.0,0,0.2,0
0.5,577,0.4,0,0.0,0
0.5,578,5.6,0,0.0,1
0.5,579,3.8,0,0.2,1
0.5,580,5.8,0,0.6,2
0.5,581,0.2,0,0.2,0
0.5,582,1.4,0,0.2,0
0.5,583,1.8,0,0.2,0
0.5,584,0.0,0,0.0,1
0.5,585,2.4,0,0.8,2
0.5,586,0.8,0,0.0,0
0.5,587,0.6,0,0.2,1
0.5,588,2.4,0,0.4,2
0.5,589,7.6,0,1.2,1
0.5,590,0.2,0,0.2,0
0.5,591,4.0,0,0.0,2
0.5,592,2.0,0,0.4,1
0.5,593,0.0,0,0.0,0
0.5,594,0.4,0,0.0,3
0.5,595,2.6,0,0.2,0
0.5,596,7.4,0,0.2,1
0.5,597,0.6,0,0.2,1
0.5,598,2.4,0,0.0,0
0.5,599,2.0,0,0.0,1
0.5,600,3.2,0,0.0,2
0.5,601,12.4,0,0.0,1
0.5,602,1.2,0,0.0,1
0.5,603,0.2,0,0.2,1
0.5,604,0.0,0,0.0,1
0.5,605,2.4,0,0.0,2
0.5,606,0.6,0,0.2,1
0.5,607,1.4,0,0.2,2
0.5,608,5.2,0,0.0,1
0.5,609,1.4,0,0.2,0
0.5,610,0.8,0,0.0,1
0.5,611,3.8,0,0.2,1
0.5,612,3.8,0,0.2,1
0.5,613,5.6,0,0.0,1
0.5,614,0.4,0,0.0,0
0.5,615,0.2,0,0.2,0
0.5,616,0.2,0,0.2,0
0.5,617,0.0,0,0.0,2
0.5,618,2.8,0,0.0,1
0.5,619,0.2,0,0.2,1
0.5,620,0.0,0,0.0,1
0.5,621,1.2,0,0.0,2
0.5,622,3.8,0,0.2,1
0.5,623,4.2,0,0.2,1
0.5,624,0.4,0,0.4,0
0.5,625,0.4,0,0.0,2
0.5,626,0.6,0,0.2,2
0.5,627,1.0,0,0.2,1
0.5,628,0.0,0,0.0,2
0.5,629,11.0,0,0.6,2
0.5,630,1.2,0,0.0,0
0.5,631,10.0,0,0.4,2
0.5,632,0.4,0,0.0,1
0.5,633,10.4,0,0.0,2
0.5,634,0.2,0,0.2,0
0.5,635,0.2,0,0.2,0
0.5,636,1.4,0,0.6,0
0.5,637,6.2,0,0.2,0
0.5,638,0.8,0,0.8,0
0.5,639,2.4,0,0.0,2
0.5,640,0.8,0,0.0,1
0.5,641,1.2,0,0.4,1
0.5,642,1.8,0,0.2,1
0.5,643,2.6,0,0.2,2
0.5,644,1.4,0,1.0,2
0.5,645,0.8,0,0.0,0
0.5,646,0.0,0,0.0,0
0.5,647,0.8,0,0.4,1
0.5,648,1.8,0,0.2,3
0.5,649,7.0,0,0.2,0
0.5,650,0.2,0,0.2,2
0.5,651,4.0,0,0.0,2
0.5,652,4.2,0,1.0,2
0.5,653,0.0,0,0.0,0
0.5,654,0.8,0,0.8,0
0.5,655,0.0,0,0.0,0
0.5,656,0.2,0,0.2,0
0.5,657,1.0,0,0.6,2
0.5,658,0.2,0,0.2,2
0.5,659,1.4,0,0.6,1
0.5,660,1.6,0,0.0,0
0.5,661,0.2,0,0.2,2
0.5,662,1.0,0,0.2,2
0.5,663,1.0,0,0.2,2
0.5,664,0.2,0,0.2,0
0.5,665,1.0,0,1.0,1
0.5,666,3.4,0,0.2,1
0.5,667,0.6,0,0.6,2
0.5,668,11.4,0,1.8,1
0.5,669,3.6,0,0.0,1
0.5,670,1.2,0,0.0,0
0.5,671,6.2,0,0.6,2
0.5,672,0.4,0,0.0,0
0.5,673,2.0,0,0.4,1
0.5,674,0.4,0,0.0,1
0.5,675,1.6,0,0.0,2
0.5,676,0.0,0,0.0,0
0.5,677,2.2,0,0.6,1
0.5,678,1.6,0,0.0,1
0.5,679,0.2,0,0.2,0
0.5,680,2.2,0,0.2,2
0.5,681,0.8,0,0.0,0
0.5,682,2.6,0,0.2,2
0.5,683,3.0,0,0.6,1
0.5,684,16.0,0,0.0,0
0.5,685,1.6,0,0.0,1
0.5,686,0.2,0,0.2,2
0.5,687,1.4,0,1.4,0
0.5,688,7.8,0,0.2,1
0.5,689,1.2,0,0.0,0
0.5,690,1.6,0,0.0,1
0.5,691,1.6,0,0.4,1
0.5,692,0.2,0,0.2,3
0.5,693,0.2,0,0.2,1
0.5,694,1.8,0,0.6,1
0.5,695,0.6,0,0.2,1
0.5,696,8.0,0,0.8,1
0.5,697,2.4,0,0.0,1
0.5,698,0.8,0,0.0,2
0.5,699,0.8,0,0.8,0
0.5,700,7.0,0,0.2,2
0.5,701,0.2,0,0.2,0
0.5,702,1.0,0,0.2,1
0.5,703,1.4,0,0.2,0
0.5,704,0.4,0,0.0,1
0.5,705,5.8,0,0.2,1
0.5,706,0.8,0,0.0,1
0.5,707,1.2,0,0.0,2
0.5,708,0.8,0,0.4,1
0.5,709,1.0,0,0.2,2
0.5,710,0.0,0,0.0,0
0.5,711,3.2,0,0.0,2
0.5,712,2.0,0,0.0,1
0.5,713,0.2,0,0.2,1
0.5,714,0.2,0,0.2,0
0.5,715,0.6,0,0.2,2
0.5,716,0.0,0,0.0,1
0.5,717,2.8,0,0.0,1
0.5,718,0.2,0,0.2,0
0.5,719,0.4,0,0.0,2
0.5,720,0.6,0,0.6,1
0.5,721,0.2,0,0.2,0
0.5,722,0.4,0,0.0,1
0.5,723,0.4,0,0.0,1
0.5,724,0.8,0,0.0,3
0.5,725,1.2,0,0.4,2
0.5,726,0.8,0,0.4,1
0.5,727,1.6,0,0.0,1
0.5,728,1.8,0,0.2,0
0.5,729,0.4,0,0.4,0
0.5,730,0.0,0,0.0,0
0.5,731,0.0,0,0.0,0
0.5,732,0.4,0,0.0,2
0.5,733,3.8,0,0.2,2
0.5,734,3.0,0,0.2,1
0.5,735,5.8,0,0.2,0
0.5,736,2.2,0,0.2,0
0.5,737,0.6,0,0.6,0
0.5,738,5.8,0,0.2,0
0.5,739,1.0,0,0.2,0
0.5,740,5.8,0,0.2,3
0.5,741,5.4,0,0.2,1
0.5,742,1.4,0,0.6,2
0.5,743,0.0,0,0.0,0
0.5,744,0.0,0,0.0,0
0.5,745,3.0,0,0.2,1
0.5,746,6.2,0,0.2,1
0.5,747,1.0,0,0.2,1
0.5,748,1.2,0,0.4,1
0.5,749,1.8,0,0.2,0
0.5,750,0.8,0,0.4,1
0.5,751,3.4,0,0.2,1
0.5,752,0.4,0,0.0,0
0.5,753,2.4,0,0.0,1
0.5,754,0.0,0,0.0,1
0.5,755,5.0,0,0.2,2
0.5,756,0.6,0,0.6,1
0.5,757,1.6,0,0.4,2
0.5,758,8.8,0,0.4,1
0.5,759,0.6,0,0.2,2
0.5,760,1.2,0,0.0,1
0.5,761,0.8,0,0.0,1
0.5,762,0.8,0,0.0,2
0.5,763,0.2,0,0.2,2
0.5,764,7.2,0,0.4,2
0.5,765,1.4,0,0.2,1
0.5,766,0.4,0,0.0,1
0.5,767,0.4,0,0.0,1
0.5,768,1.4,0,0.2,1
0.5,769,0.8,0,0.0,0
0.5,770,0.0,0,0.0,0
0.5,771,1.0,0,0.6,2
0.5,772,1.0,0,0.2,1
0.5,773,1.0,0,0.6,1
0.5,774,0.8,0,0.0,1
0.5,775,2.8,0,0.0,1
0.5,776,0.6,0,0.2,2
0.5,777,1.0,0,0.6,1
0.5,778,3.8,0,0.2,2
0.5,779,4.0,0,0.0,2
0.5,780,0.4,0,0.0,1
0.5,781,0.4,0,0.4,2
0.5,782,2.0,0,0.4,2
0.5,783,2.0,0,0.0,2
0.5,784,0.6,0,0.2,1
0.5,785,1.4,0,0.2,1
0.5,786,5.2,0,0.0,1
0.5,787,2.0,0,0.0,1
0.5,788,2.0,0,1.2,1
0.5,789,0.6,0,0.2,2
0.5,790,0.8,0,0.4,1
0.5,791,0.6,0,0.2,2
0.5,792,0.0,0,0.0,1
0.5,793,2.8,0,0.4,1
0.5,794,5.8,0,3.8,1
0.5,795,0.4,0,0.4,0
0.5,796,0.2,0,0.2,0
0.5,797,1.6,0,0.0,1
0.5,798,0.4,0,0.4,0
0.5,799,0.8,0,0.8,0
0.5,800,0.8,0,0.0,1
0.5,801,0.6,0,0.2,1
0.5,802,1.4,0,0.2,1
0.5,803,0.2,0,0.2,0
0.5,804,0.8,0,0.4,1
0.5,805,4.0,0,0.0,1
0.5,806,0.6,0,0.2,2
0.5,807,3.0,0,1.8,1
0.5,808,3.4,0,0.2,1
0.5,809,4.6,0,1.8,2
0.5,810,9.4,0,0.2,2
0.5,811,3.2,0,0.0,2
0.5,812,1.4,0,0.2,0
0.5,813,10.2,0,0.2,1
0.5,814,1.4,0,0.2,1
0.5,815,2.6,0,0.6,1
0.5,816,1.2,0,1.2,0
0.5,817,0.4,0,0.0,3
0.5,818,0.0,0,0.0,0
0.5,819,0.4,0,0.4,1
0.5,820,0.4,0,0.4,0
0.5,821,1.8,0,0.2,3
0.5,822,1.0,0,0.2,1
0.5,823,0.0,0,0.0,0
0.5,824,5.2,0,0.0,0
0.5,825,0.6,0,0.6,0
0.5,826,4.4,0,0.8,1
0.5,827,3.8,0,1.8,0
0.5,828,3.0,0,0.6,1
0.5,829,1.2,0,0.8,2
0.5,830,3.8,0,0.2,2
0.5,831,2.6,0,0.6,2
0.5,832,1.0,0,0.2,1
0.5,833,2.0,0,0.4,2
0.5,834,5.0,0,0.2,1
0.5,835,4.6,0,0.2,2
0.5,836,0.6,0,0.2,1
0.5,837,0.2,0,0.2,1
0.5,838,1.4,0,0.2,0
0.5,839,0.6,0,0.2,2
0.5,840,3.4,0,0.2,1
0.5,841,1.6,0,0.0,2
0.5,842,0.0,0,0.0,2
0.5,843,0.2,0,0.2,2
0.5,844,4.4,0,0.4,1
0.5,845,1.0,0,0.6,1
0.5,846,1.0,0,0.2,2
0.5,847,0.0,0,0.0,0
0.5,848,6.8,0,0.0,2
0.5,849,2.2,0,0.6,1
0.5,850,3.6,0,0.4,0
0.5,851,0.6,0,0.2,0
0.5,852,1.0,0,0.2,0
0.5,853,1.0,0,0.2,1
0.5,854,0.0,0,0.0,0
0.5,855,2.6,0,1.0,1
0.5,856,1.2,0,0.0,1
0.5,857,3.4,0,0.2,2
0.5,858,0.4,0,0.4,1
0.5,859,0.2,0,0.2,3
0.5,860,0.4,0,0.4,2
0.5,861,2.4,0,0.4,2
0.5,862,1.2,0,0.0,0
0.5,863,5.4,0,1.0,2
0.5,864,0.8,0,0.8,1
0.5,865,4.8,0,0.4,2
0.5,866,1.4,0,1.0,1
0.5,867,0.8,0,0.4,1
0.5,868,1.6,0,0.4,1
0.5,869,0.2,0,0.2,0
0.5,870,0.8,0,0.0,0
0.5,871,2.2,0,0.2,1
0.5,872,0.6,0,0.2,2
0.5,873,17.4,0,0.2,0
0.5,874,0.2,0,0.2,0
0.5,875,0.2,0,0.2,0
0.5,876,0.4,0,0.0,1
0.5,877,0.4,0,0.0,2
0.5,878,0.2,0,0.2,0
0.5,879,0.6,0,0.2,3
0.5,880,1.4,0,0.6,1
0.5,881,0.4,0,0.4,1
0.5,882,2.2,0,0.2,1
0.5,883,0.2,0,0.2,1
0.5,884,0.6,0,0.2,1
0.5,885,2.2,0,0.2,2
0.5,886,0.8,0,0.4,2
0.5,887,1.6,0,0.4,0
0.5,888,0.2,0,0.2,0
0.5,889,1.4,0,1.0,0
0.5,891,0.4,0,0.4,0
0.5,892,6.8,0,0.0,1
0.5,893,4.4,0,0.0,1
0.5,894,2.0,0,0.8,0
0.5,895,5.6,0,0.4,1
0.5,896,0.2,0,0.2,1
0.5,897,11.0,0,0.2,3
0.5,898,2.0,0,0.0,1
0.5,899,3.4,0,0.2,1
0.5,900,0.4,0,0.4,1
0.5,901,3.0,0,0.2,2
0.5,902,1.4,0,0.2,1
0.5,903,1.0,0,0.6,0
0.5,904,1.0,0,0.2,2
0.5,905,11.2,0,3.2,1
0.5,906,1.6,0,0.0,1
0.5,907,0.6,0,0.2,2
0.5,908,1.6,0,0.4,0
0.5,909,3.2,0,0.0,1
0.5,910,1.4,0,0.2,2
0.5,911,1.4,0,1.0,1
0.5,912,1.6,0,0.8,1
0.5,913,1.0,0,0.2,1
0.5,914,1.0,0,0.2,2
0.5,915,2.6,0,0.2,1
0.5,916,0.4,0,0.0,1
0.5,917,1.0,0,0.6,0
0.5,918,0.8,0,0.0,1
0.5,919,0.8,0,0.8,0
0.5,920,1.4,0,0.6,0
0.5,921,4.4,0,0.4,1
0.5,922,2.8,0,0.8,0
0.5,923,2.4,0,0.0,0
0.5,924,2.6,0,2.6,1
0.5,925,8.4,0,0.0,1
0.5,926,2.4,0,0.0,1
0.5,927,2.6,0,0.2,1
0.5,928,1.8,0,0.2,1
0.5,929,3.0,0,0.6,0
0.5,930,3.0,0,0.2,1
0.5,931,1.4,0,0.2,0
0.5,932,5.4,0,0.2,0
0.5,933,1.8,0,0.2,0
0.5,934,4.2,0,0.6,0
0.5,935,4.0,0,1.6,1
0.5,936,1.8,0,0.6,0
0.5,937,2.4,0,0.4,2
0.5,938,2.0,0,0.0,1
0.5,939,8.4,0,0.0,1
0.5,940,1.6,0,0.8,2
0.5,941,0.8,0,0.0,3
0.5,942,1.0,0,1.0,0
0.5,944,15.4,0,7.8,2
0.5,945,3.0,0,0.2,1
0.5,946,2.2,0,0.2,0
0.5,947,3.8,0,0.2,1
0.5,948,1.4,0,0.2,1
0.5,949,7.2,0,0.0,2
0.5,950,0.6,0,0.2,0
0.5,951,0.6,0,0.2,1
0.5,952,0.2,0,0.2,0
0.5,953,0.6,0,0.6,1
0.5,954,1.4,0,0.2,0
0.5,955,1.8,0,0.2,2
0.5,956,1.2,0,0.4,1
0.5,957,0.4,0,0.4,2
0.5,958,1.0,0,0.2,1
0.5,959,0.2,0,0.2,1
0.5,960,2.8,0,1.2,1
0.5,961,0.8,0,0.0,1
0.5,962,1.2,0,0.0,1
0.5,963,1.6,0,0.4,1
0.5,964,1.0,0,0.2,1
0.5,965,1.0,0,0.6,0
0.5,966,1.2,0,0.4,2
0.5,967,1.6,0,0.8,1
0.5,968,0.8,0,0.4,2
0.5,969,5.2,0,0.4,0
0.5,970,6.0,0,0.0,1
0.5,971,7.2,0,0.0,0
0.5,972,6.8,0,0.0,2
0.5,973,1.6,0,0.4,1
0.5,974,3.4,0,0.6,1
0.5,975,1.2,0,0.0,1
0.5,976,0.2,0,0.2,0
0.5,977,0.2,0,0.2,0
0.5,978,2.0,0,0.0,1
0.5,979,1.4,0,0.2,1
0.5,980,0.6,0,0.2,2
0.5,981,0.6,0,0.6,0
0.5,982,3.0,0,0.2,1
0.5,983,5.8,0,0.2,2
0.5,984,3.0,0,0.2,2
0.5,985,2.0,0,1.2,1
0.5,986,1.8,0,0.2,0
0.5,987,0.2,0,0.2,0
0.5,988,2.2,0,0.2,1
0.5,989,0.4,0,0.0,0
0.5,990,2.6,0,0.2,1
0.5,991,5.4,0,0.2,1
0.5,992,2.2,0,0.2,1
0.5,993,2.4,0,0.0,0
0.5,994,6.4,0,1.2,3
0.5,995,1.2,0,0.8,1
0.5,996,1.8,0,0.2,0
0.5,997,2.2,0,0.2,2
0.5,998,0.2,0,0.2,0
0.5,999,7.6,0,4.8,2
0.6,0,3.4,0,0.6,1
0.6,1,0.2,0,0.2,0
0.6,2,2.4,0,0.0,0
0.6,3,2.6,0,0.2,2
0.6,4,5.0,0,0.6,1
0.6,5,0.6,0,0.2,1
0.6,6,0.0,0,0.0,0
0.6,7,0.4,0,0.0,2
0.6,8,3.8,0,1.8,0
0.6,9,3.0,0,1.0,2
0.6,10,2.0,0,0.0,3
0.6,11,0.4,0,0.4,0
0.6,12,2.0,0,0.4,1
0.6,13,1.4,0,0.2,2
0.6,14,0.2,0,0.2,1
0.6,15,5.0,0,0.6,1
0.6,16,2.4,0,0.0,0
0.6,17,1.2,0,0.0,2
0.6,18,0.6,0,0.2,1
0.6,19,0.0,0,0.0,1
0.6,20,0.6,0,0.2,0
0.6,21,0.2,0,0.2,0
0.6,22,0.4,0,0.4,0
0.6,23,0.0,0,0.0,0
0.6,24,4.8,0,0.4,2
0.6,25,4.4,0,0.4,1
0.6,26,0.6,0,0.2,0
0.6,27,1.4,0,0.2,1
0.6,28,0.2,0,0.2,1
0.6,29,3.4,0,0.2,2
0.6,30,0.8,0,0.8,1
0.6,31,1.0,0,0.2,1
0.6,32,2.6,0,0.2,1
0.6,33,0.0,0,0.0,0
0.6,34,1.6,0,0.0,1
0.6,35,0.2,0,0.2,3
0.6,36,6.8,0,0.4,1
0.6,37,1.8,0,1.0,1
0.6,38,0.2,0,0.2,0
0.6,40,2.4,0,0.0,1
0.6,41,0.0,0,0.0,0
0.6,42,2.8,0,0.0,1
0.6,43,0.6,0,0.2,2
0.6,44,1.0,0,0.2,1
0.6,45,1.6,0,0.0,1
0.6,46,0.8,0,0.0,1
0.6,47,0.2,0,0.2,1
0.6,48,2.2,0,0.2,0
0.6,49,4.8,0,0.0,2
0.6,50,0.6,0,0.2,2
0.6,51,2.4,0,0.8,2
0.6,52,0.6,0,0.6,0
0.6,53,2.2,0,0.2,1
0.6,54,9.0,0,0.6,2
0.6,55,0.8,0,0.0,2
0.6,56,4.0,0,0.4,1
0.6,57,1.0,0,0.2,1
0.6,58,1.0,0,0.2,2
0.6,59,0.4,0,0.4,0
0.6,60,0.6,0,0.2,1
0.6,61,2.8,0,0.4,0
0.6,62,3.2,0,0.0,0
0.6,63,1.8,0,0.6,1
0.6,64,6.2,0,0.2,0
0.6,65,0.2,0,0.2,2
0.6,67,1.6,0,1.2,1
0.6,68,1.6,0,0.0,2
0.6,69,0.6,0,0.2,0
0.6,70,1.6,0,0.4,3
0.6,71,1.4,0,0.2,3
0.6,72,1.0,0,0.6,1
0.6,73,2.4,0,0.8,3
0.6,74,2.0,0,0.4,1
0.6,75,1.8,0,0.6,3
0.6,76,2.2,0,1.0,0
0.6,77,1.4,0,0.6,2
0.6,78,1.8,0,0.6,1
0.6,79,4.6,0,0.2,1
0.6,80,0.8,0,0.4,1
0.6,81,1.8,0,0.2,1
0.6,82,1.4,0,0.2,1
0.6,83,0.0,0,0.0,0
0.6,84,0.0,0,0.0,0
0.6,85,0.2,0,0.2,0
0.6,86,2.0,0,0.0,2
0.6,87,1.0,0,0.2,1
0.6,88,3.8,0,0.2,1
0.6,89,0.0,0,0.0,0
0.6,90,0.0,0,0.0,0
0.6,91,0.6,0,0.2,2
0.6,92,4.4,0,0.0,1
0.6,93,1.0,0,0.2,1
0.6,94,3.4,0,1.0,0
0.6,95,3.0,0,1.0,1
0.6,97,4.8,0,0.4,1
0.6,98,7.0,0,0.2,2
0.6,99,5.6,0,0.8,2
0.6,100,7.4,0,0.2,2
0.6,101,1.4,0,0.2,1
0.6,102,0.2,0,0.2,0
0.6,103,3.6,0,0.4,0
0.6,104,2.0,0,0.0,1
0.6,105,8.8,0,0.4,1
0.6,106,0.6,0,0.2,2
0.6,107,2.4,0,0.0,1
0.6,108,0.4,0,0.0,0
0.6,109,0.4,0,0.4,1
0.6,110,0.0,0,0.0,1
0.6,111,5.6,0,0.0,0
0.6,112,0.6,0,0.6,0
0.6,113,0.4,0,0.0,1
0.6,114,2.6,0,0.2,1
0.6,115,7.4,0,0.2,1
0.6,116,0.4,0,0.0,1
0.6,117,0.4,0,0.0,1
0.6,118,0.4,0,0.4,2
0.6,119,4.8,0,0.0,0
0.6,121,11.8,0,0.6,3
0.6,122,1.4,0,0.2,0
0.6,123,0.8,0,0.0,1
0.6,124,1.2,0,0.4,1
0.6,125,1.4,0,0.2,1
0.6,126,1.4,0,0.2,0
0.6,127,3.4,0,0.2,1
0.6,128,1.0,0,0.2,1
0.6,129,6.2,0,0.2,0
0.6,130,2.6,0,0.2,1
0.6,131,2.0,0,0.0,1
0.6,132,10.4,0,0.0,1
0.6,133,5.2,0,0.0,1
0.6,134,0.6,0,0.6,1
0.6,135,7.6,0,1.2,1
0.6,136,1.2,0,0.0,1
0.6,137,6.2,0,1.0,1
0.6,138,1.0,0,0.2,1
0.6,139,1.0,0,0.2,0
0.6,140,0.6,0,0.2,1
0.6,141,3.8,0,0.2,1
0.6,142,0.8,0,0.4,1
0.6,143,1.4,0,0.2,1
0.6,144,1.6,0,0.4,1
0.6,145,0.2,0,0.2,1
0.6,146,0.4,0,0.0,1
0.6,148,2.4,0,0.0,1
0.6,149,3.2,0,0.4,1
0.6,150,2.0,0,0.0,2
0.6,151,0.2,0,0.2,1
0.6,152,2.0,0,1.2,1
0.6,153,0.0,0,0.0,0
0.6,154,1.8,0,0.2,1
0.6,155,1.6,0,0.4,0
0.6,156,0.0,0,0.0,0
0.6,157,4.0,0,0.4,1
0.6,158,0.0,0,0.0,0
0.6,159,3.6,0,0.0,1
0.6,160,11.2,0,0.0,3
0.6,162,4.8,0,0.8,1
0.6,163,4.6,0,0.2,0
0.6,164,0.6,0,0.6,2
0.6,165,2.8,0,0.4,1
0.6,166,3.2,0,1.6,1
0.6,167,0.4,0,0.0,2
0.6,168,1.4,0,0.6,1
0.6,169,1.2,0,0.0,1
0.6,170,1.2,0,0.4,2
0.6,172,1.2,0,0.0,1
0.6,173,2.8,0,1.6,1
0.6,174,1.0,0,0.6,2
0.6,175,3.0,0,0.2,1
0.6,177,2.2,0,0.2,0
0.6,179,1.0,0,1.0,0
0.6,180,3.8,0,1.0,1
0.6,181,0.6,0,0.2,1
0.6,182,3.6,0,0.4,1
0.6,183,2.2,0,0.2,0
0.6,184,5.0,0,0.2,1
0.6,185,1.8,0,1.4,0
0.6,186,2.0,0,0.0,1
0.6,187,0.2,0,0.2,0
0.6,188,1.8,0,1.0,2
0.6,189,0.8,0,0.4,1
0.6,191,2.2,0,0.2,0
0.6,193,0.8,0,0.4,2
0.6,194,0.4,0,0.0,1
0.6,196,0.4,0,0.4,0
0.6,197,2.0,0,0.4,1
0.6,198,3.2,0,0.0,2
0.6,199,4.0,0,0.0,1
0.6,200,3.0,0,0.6,3
0.6,201,1.6,0,0.0,1
0.6,202,2.8,0,0.0,1
0.6,203,1.2,0,0.0,0
0.6,204,1.2,0,0.0,2
0.6,205,3.6,0,0.0,2
0.6,206,8.8,0,0.0,1
0.6,208,0.6,0,0.2,2
0.6,209,4.0,0,0.4,1
0.6,210,16.0,0,2.8,2
0.6,211,0.8,0,0.0,1
0.6,212,0.0,0,0.0,1
0.6,214,2.8,0,0.0,0
0.6,215,6.4,0,0.8,1
0.6,216,1.4,0,0.6,1
0.6,217,0.0,0,0.0,2
0.6,218,0.0,0,0.0,0
0.6,219,1.0,0,1.0,2
0.6,220,0.2,0,0.2,1
0.6,221,2.0,0,0.4,0
0.6,222,7.2,0,2.0,0
0.6,223,1.0,0,0.2,2
0.6,224,0.8,0,0.4,1
0.6,225,2.2,0,0.2,2
0.6,226,2.0,0,0.4,1
0.6,227,7.6,0,0.4,1
0.6,228,0.4,0,0.4,0
0.6,229,1.2,0,0.0,1
0.6,230,3.2,0,0.8,1
0.6,231,4.0,0,0.0,2
0.6,232,9.8,0,0.6,0
0.6,233,0.8,0,0.4,1
0.6,234,0.8,0,0.0,1
0.6,235,2.6,0,0.2,1
0.6,236,1.4,0,0.2,0
0.6,237,3.0,0,3.0,0
0.6,238,4.2,0,0.2,1
0.6,239,8.0,0,4.0,1
0.6,240,1.8,0,0.2,2
0.6,241,0.2,0,0.2,0
0.6,242,6.2,0,0.2,1
0.6,243,6.2,0,1.4,1
0.6,244,0.4,0,0.4,0
0.6,245,0.0,0,0.0,0
0.6,246,0.2,0,0.2,2
0.6,247,1.0,0,1.0,2
0.6,248,0.6,0,0.2,1
0.6,249,1.6,0,0.4,2
0.6,250,0.2,0,0.2,1
0.6,251,2.6,0,0.2,1
0.6,252,0.4,0,0.0,0
0.6,253,0.4,0,0.0,0
0.6,254,1.2,0,0.0,2
0.6,255,1.0,0,1.0,0
0.6,256,4.2,0,0.6,1
0.6,257,3.4,0,0.2,1
0.6,258,6.4,0,0.0,1
0.6,259,1.0,0,0.2,1
0.6,260,3.8,0,2.2,1
0.6,261,0.2,0,0.2,1
0.6,262,3.4,0,0.2,1
0.6,263,0.6,0,0.2,0
0.6,264,3.0,0,0.2,1
0.6,265,0.2,0,0.2,0
0.6,266,1.8,0,0.2,2
0.6,267,0.8,0,0.4,0
0.6,268,0.2,0,0.2,0
0.6,269,3.6,0,0.4,1
0.6,270,0.6,0,0.2,1
0.6,271,0.0,0,0.0,0
0.6,272,0.4,0,0.4,0
0.6,273,1.6,0,0.0,1
0.6,274,0.4,0,0.4,0
0.6,275,6.6,0,3.0,1
0.6,276,0.2,0,0.2,1
0.6,278,7.0,0,0.2,1
0.6,279,0.2,0,0.2,1
0.6,280,0.6,0,0.2,2
0.6,281,0.4,0,0.0,2
0.6,282,3.4,0,0.2,1
0.6,283,1.8,0,1.4,2
0.6,284,3.0,0,0.2,2
0.6,285,3.0,0,0.2,1
0.6,286,0.2,0,0.2,1
0.6,287,0.4,0,0.0,0
0.6,288,5.4,0,0.2,1
0.6,289,0.2,0,0.2,2
0.6,290,1.6,0,0.4,2
0.6,291,3.0,0,0.2,0
0.6,292,2.0,0,0.0,1
0.6,293,0.8,0,0.4,2
0.6,294,0.2,0,0.2,0
0.6,295,0.2,0,0.2,0
0.6,296,0.2,0,0.2,1
0.6,297,1.2,0,0.0,2
0.6,298,1.0,0,0.2,0
0.6,299,3.2,0,0.4,2
0.6,300,0.8,0,0.0,1
0.6,301,1.2,0,0.4,3
0.6,302,0.0,0,0.0,0
0.6,303,0.6,0,0.2,1
0.6,304,0.2,0,0.2,0
0.6,305,0.6,0,0.6,0
0.6,306,0.2,0,0.2,1
0.6,307,3.6,0,0.4,1
0.6,308,0.2,0,0.2,1
0.6,309,4.2,0,0.2,0
0.6,310,0.8,0,0.0,0
0.6,311,0.6,0,0.2,1
0.6,312,4.4,0,0.4,1
0.6,313,0.4,0,0.4,1
0.6,314,1.4,0,0.2,1
0.6,315,2.0,0,0.0,1
0.6,316,2.8,0,0.4,2
0.6,317,0.0,0,0.0,0
0.6,318,0.2,0,0.2,2
0.6,319,0.2,0,0.2,1
0.6,320,0.0,0,0.0,0
0.6,321,8.4,0,0.0,3
0.6,322,3.8,0,0.2,2
0.6,323,2.4,0,0.4,1
0.6,324,0.2,0,0.2,2
0.6,325,0.2,0,0.2,0
0.6,326,1.6,0,0.8,2
0.6,327,0.2,0,0.2,0
0.6,329,6.0,0,1.2,0
0.6,331,0.0,0,0.0,2
0.6,332,0.4,0,0.0,2
0.6,333,3.0,0,0.6,1
0.6,334,0.4,0,0.0,1
0.6,335,0.4,0,0.0,2
0.6,336,1.8,0,0.6,1
0.6,337,0.2,0,0.2,1
0.6,338,0.2,0,0.2,1
0.6,339,2.8,0,0.0,3
0.6,340,1.4,0,0.2,1
0.6,341,1.8,0,0.2,1
0.6,342,0.2,0,0.2,1
0.6,343,0.2,0,0.2,0
0.6,344,0.6,0,0.2,2
0.6,345,0.2,0,0.2,2
0.6,346,2.4,0,0.0,2
0.6,347,0.0,0,0.0,0
0.6,348,0.6,0,0.2,1
0.6,349,2.6,0,0.2,3
0.6,350,1.4,0,0.2,1
0.6,351,4.6,0,0.6,0
0.6,352,7.2,0,0.4,1
0.6,353,2.6,0,1.8,0
0.6,354,0.2,0,0.2,2
0.6,355,3.6,0,0.4,3
0.6,356,4.4,0,0.8,3
0.6,357,6.2,0,0.6,1
0.6,358,0.2,0,0.2,2
0.6,359,1.8,0,0.2,0
0.6,360,0.2,0,0.2,0
0.6,361,0.4,0,0.0,0
0.6,362,3.6,0,0.4,1
0.6,363,4.0,0,0.0,1
0.6,364,1.6,0,0.0,1
0.6,365,5.0,0,0.2,0
0.6,366,0.6,0,0.2,1
0.6,367,0.6,0,0.2,1
0.6,368,0.2,0,0.2,0
0.6,369,0.6,0,0.2,2
0.6,370,0.2,0,0.2,0
0.6,371,3.0,0,0.6,2
0.6,372,0.2,0,0.2,0
0.6,373,5.2,0,0.0,1
0.6,376,0.2,0,0.2,0
0.6,377,2.0,0,0.0,0
0.6,378,4.4,0,0.4,0
0.6,379,3.0,0,0.2,1
0.6,380,0.4,0,0.4,1
0.6,381,0.4,0,0.0,2
0.6,382,0.2,0,0.2,1
0.6,383,0.6,0,0.2,1
0.6,385,1.4,0,0.2,2
0.6,386,0.0,0,0.0,0
0.6,387,1.4,0,0.2,0
0.6,389,0.2,0,0.2,1
0.6,390,0.2,0,0.2,0
0.6,391,1.8,0,0.2,2
0.6,392,0.2,0,0.2,0
0.6,393,3.4,0,0.2,1
0.6,394,0.4,0,0.0,1
0.6,395,0.4,0,0.0,1
0.6,396,0.6,0,0.2,0
0.6,397,0.6,0,0.2,2
0.6,398,0.6,0,0.2,2
0.6,399,1.6,0,0.4,1
0.6,400,12.4,0,0.0,1
0.6,401,0.4,0,0.0,0
0.6,402,1.0,0,0.2,2
0.6,403,0.2,0,0.2,0
0.6,404,0.2,0,0.2,1
0.6,405,6.4,0,0.4,1
0.6,407,0.4,0,0.4,1
0.6,408,0.2,0,0.2,2
0.6,409,0.8,0,0.0,1
0.6,410,1.2,0,0.4,2
0.6,411,2.8,0,0.8,1
0.6,412,0.4,0,0.0,1
0.6,414,2.6,0,0.2,1
0.6,415,0.2,0,0.2,0
0.6,416,2.2,0,1.0,2
0.6,417,8.4,0,8.4,0
0.6,418,0.0,0,0.0,0
0.6,419,0.6,0,0.2,2
0.6,420,1.8,0,0.2,1
0.6,421,3.4,0,0.2,2
0.6,422,1.6,0,0.0,1
0.6,423,1.2,0,0.4,0
0.6,424,1.2,0,0.4,1
0.6,425,2.4,0,0.0,0
0.6,426,0.0,0,0.0,0
0.6,428,1.6,0,0.0,2
0.6,429,1.2,0,0.4,1
0.6,430,0.4,0,0.0,1
0.6,431,0.0,0,0.0,0
0.6,432,0.4,0,0.0,2
0.6,433,2.6,0,0.2,2
0.6,434,0.6,0,0.2,1
0.6,435,2.4,0,0.4,1
0.6,437,0.4,0,0.0,1
0.6,438,2.6,0,0.2,0
0.6,439,0.2,0,0.2,0
0.6,440,0.6,0,0.6,0
0.6,441,0.8,0,0.0,1
0.6,442,0.2,0,0.2,0
0.6,443,0.2,0,0.2,0
0.6,444,0.2,0,0.2,0
0.6,446,5.6,0,0.4,1
0.6,447,1.8,0,0.2,2
0.6,448,1.6,0,0.0,1
0.6,449,0.0,0,0.0,0
0.6,450,4.4,0,0.8,0
0.6,451,0.4,0,0.0,3
0.6,452,0.2,0,0.2,0
0.6,453,3.0,0,0.2,1
0.6,454,0.6,0,0.2,2
0.6,455,2.4,0,0.4,1
0.6,456,0.8,0,0.0,2
0.6,457,0.4,0,0.0,1
0.6,458,0.8,0,0.4,2
0.6,459,0.4,0,0.0,2
0.6,460,3.8,0,0.2,1
0.6,461,1.2,0,0.4,2
0.6,462,1.6,0,0.4,1
0.6,463,0.2,0,0.2,0
0.6,464,2.0,0,0.0,1
0.6,465,21.6,0,0.8,2
0.6,466,4.2,0,1.0,1
0.6,467,4.8,0,0.8,1
0.6,468,0.0,0,0.0,2
0.6,469,1.8,0,0.2,1
0.6,470,3.8,0,0.6,1
0.6,471,0.0,0,0.0,0
0.6,472,2.4,0,0.0,1
0.6,473,0.6,0,0.6,0
0.6,474,5.4,0,0.2,1
0.6,475,4.0,0,0.4,2
0.6,476,1.0,0,0.2,0
0.6,477,5.2,0,0.4,1
0.6,479,7.0,0,0.2,3
0.6,480,2.4,0,0.8,3
0.6,481,0.6,0,0.2,1
0.6,482,0.4,0,0.4,2
0.6,483,2.6,0,1.8,1
0.6,484,1.0,0,0.2,1
0.6,485,1.6,0,0.4,1
0.6,486,0.4,0,0.4,0
0.6,487,1.6,0,0.4,1
0.6,488,6.2,0,0.2,1
0.6,489,3.8,0,0.2,3
0.6,491,0.2,0,0.2,1
0.6,492,0.2,0,0.2,0
0.6,493,3.4,0,0.2,1
0.6,494,2.0,0,0.0,1
0.6,495,10.6,0,0.2,0
0.6,496,2.0,0,0.4,2
0.6,497,0.4,0,0.0,2
0.6,498,2.8,0,0.4,1
0.6,499,1.2,0,0.0,1
0.6,500,0.4,0,0.0,2
0.6,501,0.4,0,0.0,2
0.6,502,3.4,0,0.6,1
0.6,503,0.2,0,0.2,3
0.6,504,0.6,0,0.2,1
0.6,505,1.4,0,0.2,2
0.6,506,1.2,0,0.0,1
0.6,507,2.2,0,0.2,2
0.6,508,2.0,0,0.4,1
0.6,509,1.8,0,1.0,1
0.6,510,0.4,0,0.4,0
0.6,511,1.2,0,0.4,1
0.6,512,2.2,0,0.2,1
0.6,513,2.8,0,0.0,1
0.6,514,4.6,0,0.2,1
0.6,515,2.2,0,0.2,1
0.6,516,2.4,0,0.0,1
0.6,517,8.6,0,0.2,2
0.6,518,5.4,0,0.2,1
0.6,519,0.8,0,0.0,1
0.6,520,1.4,0,0.6,2
0.6,521,0.6,0,0.6,2
0.6,522,0.8,0,0.0,2
0.6,523,5.8,0,0.6,1
0.6,524,1.2,0,1.2,3
0.6,525,0.8,0,0.0,1
0.6,526,0.2,0,0.2,0
0.6,527,1.8,0,0.2,1
0.6,528,0.8,0,0.4,1
0.6,529,0.8,0,0.0,2
0.6,530,12.2,0,0.2,1
0.6,531,0.6,0,0.2,0
0.6,532,3.4,0,3.4,0
0.6,533,0.8,0,0.4,0
0.6,534,0.4,0,0.4,0
0.6,535,1.4,0,0.2,1
0.6,536,1.6,0,0.4,1
0.6,537,3.6,0,0.8,3
0.6,538,1.2,0,0.0,2
0.6,539,0.8,0,0.0,1
0.6,540,0.8,0,0.0,2
0.6,541,2.4,0,0.4,2
0.6,542,5.0,0,0.2,0
0.6,543,2.0,0,0.4,1
0.6,544,1.4,0,0.6,1
0.6,545,1.4,0,0.2,1
0.6,546,0.2,0,0.2,0
0.6,547,1.0,0,0.2,1
0.6,548,0.4,0,0.0,1
0.6,549,3.8,0,0.2,2
0.6,550,1.8,0,0.2,0
0.6,551,2.6,0,1.8,2
0.6,552,0.4,0,0.0,2
0.6,553,1.2,0,0.0,2
0.6,554,0.4,0,0.4,0
0.6,555,0.8,0,0.4,2
0.6,556,3.8,0,0.2,2
0.6,557,1.4,0,0.2,1
0.6,558,1.4,0,1.0,1
0.6,559,5.6,0,0.8,1
0.6,560,6.0,0,0.0,2
0.6,561,1.8,0,0.2,1
0.6,562,0.0,0,0.0,1
0.6,563,0.6,0,0.2,1
0.6,564,0.6,0,0.2,1
0.6,565,2.0,0,0.0,1
0.6,566,8.4,0,0.8,3
0.6,567,5.0,0,0.2,2
0.6,568,0.4,0,0.0,2
0.6,569,1.2,0,0.0,2
0.6,570,1.0,0,0.2,1
0.6,571,1.6,0,0.0,1
0.6,572,1.6,0,0.4,0
0.6,573,0.4,0,0.4,3
0.6,574,1.2,0,0.4,1
0.6,575,0.8,0,0.4,1
0.6,576,2.6,0,0.2,2
0.6,577,0.6,0,0.2,0
0.6,578,2.0,0,0.0,1
0.6,579,0.4,0,0.4,0
0.6,580,2.4,0,2.0,1
0.6,581,1.2,0,0.0,0
0.6,582,1.0,0,0.2,2
0.6,583,4.6,0,0.2,1
0.6,584,1.2,0,0.0,1
0.6,585,1.4,0,0.2,2
0.6,586,1.6,0,0.0,1
0.6,587,4.2,0,0.6,1
0.6,588,1.0,0,0.2,2
0.6,589,1.4,0,0.6,1
0.6,590,2.4,0,0.0,2
0.6,591,1.6,0,0.0,1
0.6,592,0.8,0,0.0,2
0.6,593,0.8,0,0.0,2
0.6,594,0.4,0,0.4,1
0.6,595,4.2,0,0.2,1
0.6,596,0.6,0,0.2,1
0.6,597,13.8,0,0.2,1
0.6,598,1.4,0,0.2,0
0.6,599,3.6,0,0.4,0
0.6,600,4.0,0,0.8,0
0.6,601,0.0,0,0.0,0
0.6,602,1.2,0,0.8,3
0.6,603,1.0,0,1.0,2
0.6,604,2.6,0,0.2,2
0.6,605,2.0,0,0.8,0
0.6,606,1.0,0,0.2,1
0.6,607,0.4,0,0.4,1
0.6,608,1.8,0,0.2,1
0.6,609,1.2,0,0.4,1
0.6,610,2.6,0,0.2,1
0.6,611,8.6,0,0.2,1
0.6,612,0.6,0,0.2,0
0.6,613,7.4,0,0.6,1
0.6,614,2.6,0,0.2,1
0.6,615,0.4,0,0.0,0
0.6,616,7.4,0,0.2,1
0.6,617,0.4,0,0.4,1
0.6,618,4.6,0,0.2,2
0.6,619,1.0,0,0.2,1
0.6,621,2.2,0,0.2,1
0.6,622,3.4,0,0.2,1
0.6,623,1.2,0,0.4,2
0.6,624,4.4,0,0.4,1
0.6,625,0.4,0,0.0,2
0.6,626,1.6,0,0.0,2
0.6,627,2.2,0,0.2,0
0.6,628,2.4,0,0.0,2
0.6,629,0.6,0,0.2,1
0.6,630,1.4,0,0.2,2
0.6,632,2.6,0,0.2,1
0.6,633,2.8,0,2.0,1
0.6,634,1.2,0,0.4,0
0.6,636,2.2,0,0.2,1
0.6,637,0.8,0,0.0,1
0.6,638,1.6,0,0.4,2
0.6,639,0.0,0,0.0,0
0.6,640,1.0,0,0.2,0
0.6,641,1.8,0,0.2,0
0.6,642,2.6,0,1.0,1
0.6,643,1.4,0,0.2,1
0.6,644,0.8,0,0.4,2
0.6,645,0.8,0,0.8,2
0.6,647,1.6,0,0.8,2
0.6,648,1.0,0,0.2,1
0.6,649,9.2,0,0.4,0
0.6,650,0.2,0,0.2,0
0.6,651,1.8,0,0.2,1
0.6,653,10.8,0,0.0,1
0.6,654,0.2,0,0.2,0
0.6,655,6.0,0,0.4,1
0.6,656,2.6,0,0.2,1
0.6,657,0.0,0,0.0,2
0.6,658,3.6,0,0.8,0
0.6,659,0.6,0,0.2,2
0.6,660,2.6,0,0.2,0
0.6,661,3.8,0,0.2,2
0.6,662,3.6,0,0.0,2
0.6,663,2.6,0,0.6,2
0.6,664,0.6,0,0.2,2
0.6,665,2.6,0,0.2,2
0.6,666,0.0,0,0.0,0
0.6,667,4.4,0,0.4,1
0.6,668,1.6,0,0.0,2
0.6,669,0.2,0,0.2,0
0.6,670,0.4,0,0.0,2
0.6,671,3.0,0,0.2,1
0.6,672,0.2,0,0.2,2
0.6,673,1.8,0,0.2,2
0.6,674,1.4,0,0.2,1
0.6,675,1.0,0,0.2,3
0.6,676,1.8,0,0.6,2
0.6,677,1.4,0,0.2,1
0.6,678,3.6,0,1.6,1
0.6,679,0.4,0,0.0,1
0.6,681,0.4,0,0.4,2
0.6,682,1.8,0,0.6,2
0.6,683,2.0,0,1.2,3
0.6,685,0.4,0,0.0,0
0.6,686,2.8,0,0.0,2
0.6,687,2.2,0,0.6,1
0.6,688,2.4,0,0.4,1
0.6,689,6.6,0,0.6,2
0.6,690,1.2,0,1.2,0
0.6,691,1.4,0,0.2,3
0.6,692,2.6,0,0.2,2
0.6,693,0.8,0,0.0,1
0.6,694,1.2,0,0.0,2
0.6,695,1.0,0,0.2,0
0.6,696,0.6,0,0.2,1
0.6,697,1.0,0,0.6,1
0.6,698,0.0,0,0.0,1
0.6,699,0.8,0,0.4,0
0.6,700,1.0,0,0.2,0
0.6,701,1.8,0,0.2,0
0.6,702,0.8,0,0.8,1
0.6,703,0.4,0,0.4,2
0.6,704,0.6,0,0.2,2
0.6,705,1.6,0,0.0,1
0.6,706,0.2,0,0.2,0
0.6,708,1.2,0,0.0,3
0.6,709,1.8,0,0.2,2
0.6,710,2.8,0,0.8,1
0.6,711,0.4,0,0.0,0
0.6,712,2.0,0,0.0,2
0.6,713,0.8,0,0.0,0
0.6,714,1.6,0,0.0,1
0.6,715,0.8,0,0.8,0
0.6,716,4.2,0,0.2,1
0.6,717,3.4,0,0.2,1
0.6,718,2.0,0,0.0,1
0.6,719,3.8,0,0.2,2
0.6,720,0.4,0,0.0,1
0.6,721,3.4,0,0.2,1
0.6,722,0.8,0,0.0,1
0.6,723,0.4,0,0.0,1
0.6,724,1.8,0,0.2,3
0.6,725,0.4,0,0.0,2
0.6,726,1.8,0,0.2,2
0.6,727,1.4,0,1.0,1
0.6,728,0.6,0,0.6,1
0.6,729,0.4,0,0.0,1
0.6,730,2.2,0,0.6,2
0.6,731,2.8,0,0.4,2
0.6,732,1.8,0,0.2,1
0.6,733,3.6,0,0.0,2
0.6,734,3.2,0,0.4,0
0.6,735,0.4,0,0.4,0
0.6,736,1.8,0,0.2,1
0.6,737,1.6,0,0.4,1
0.6,738,0.2,0,0.2,0
0.6,739,2.0,0,0.0,3
0.6,740,2.8,0,1.2,2
0.6,741,1.2,0,0.4,2
0.6,742,0.4,0,0.0,2
0.6,743,5.6,0,0.8,0
0.6,744,0.6,0,0.2,1
0.6,745,4.8,0,0.4,0
0.6,746,2.0,0,0.0,0
0.6,747,0.2,0,0.2,0
0.6,748,1.0,0,0.2,1
0.6,749,0.4,0,0.0,1
0.6,750,7.8,0,0.2,2
0.6,751,0.2,0,0.2,0
0.6,752,1.6,0,1.2,2
0.6,753,2.0,0,0.0,1
0.6,754,2.8,0,0.0,1
0.6,755,1.4,0,0.2,1
0.6,756,2.4,0,0.4,1
0.6,757,1.2,0,0.0,1
0.6,758,0.8,0,0.0,1
0.6,759,0.2,0,0.2,1
0.6,760,2.2,0,0.2,1
0.6,761,0.0,0,0.0,0
0.6,762,4.6,0,0.6,2
0.6,763,1.8,0,0.2,1
0.6,764,2.0,0,0.0,1
0.6,765,6.0,0,0.4,1
0.6,766,1.4,0,0.2,0
0.6,767,0.0,0,0.0,1
0.6,768,0.2,0,0.2,1
0.6,769,1.2,0,0.0,1
0.6,770,0.4,0,0.4,0
0.6,771,0.0,0,0.0,2
0.6,772,1.0,0,0.2,1
0.6,773,0.0,0,0.0,0
0.6,774,14.6,0,0.2,1
0.6,775,0.8,0,0.8,2
0.6,776,0.2,0,0.2,0
0.6,777,0.8,0,0.0,1
0.6,778,1.6,0,0.4,1
0.6,779,0.8,0,0.0,1
0.6,780,0.0,0,0.0,0
0.6,781,2.4,0,0.0,1
0.6,782,2.6,0,1.0,1
0.6,783,3.8,0,0.2,1
0.6,784,1.2,0,0.0,3
0.6,785,1.0,0,0.2,0
0.6,786,1.0,0,0.2,1
0.6,787,2.0,0,0.4,1
0.6,788,0.4,0,0.4,0
0.6,789,3.4,0,0.2,2
0.6,790,0.8,0,0.0,1
0.6,791,3.2,0,0.4,1
0.6,792,1.6,0,0.0,2
0.6,793,0.2,0,0.2,1
0.6,794,1.8,0,1.0,0
0.6,795,0.2,0,0.2,0
0.6,796,1.8,0,0.2,4
0.6,797,0.0,0,0.0,0
0.6,799,3.4,0,1.0,1
0.6,800,1.6,0,0.0,0
0.6,801,0.2,0,0.2,3
0.6,802,1.4,0,1.0,2
0.6,803,0.2,0,0.2,0
0.6,804,6.4,0,0.0,1
0.6,805,1.4,0,0.2,0
0.6,807,1.0,0,0.2,2
0.6,808,5.0,0,0.2,2
0.6,809,0.8,0,0.0,0
0.6,811,0.4,0,0.4,0
0.6,812,0.4,0,0.4,0
0.6,813,0.0,0,0.0,0
0.6,814,0.4,0,0.4,0
0.6,815,1.8,0,0.2,2
0.6,816,0.4,0,0.0,1
0.6,817,3.8,0,0.6,1
0.6,818,1.8,0,0.2,2
0.6,819,0.4,0,0.4,3
0.6,820,0.4,0,0.0,2
0.6,821,0.2,0,0.2,0
0.6,822,0.0,0,0.0,0
0.6,823,1.8,0,1.0,1
0.6,824,0.8,0,0.0,1
0.6,825,4.2,0,0.2,0
0.6,826,0.6,0,0.2,1
0.6,827,5.0,0,0.2,2
0.6,828,0.2,0,0.2,0
0.6,829,2.4,0,0.0,1
0.6,830,1.8,0,0.2,1
0.6,831,1.6,0,0.0,2
0.6,832,1.6,0,0.0,2
0.6,833,1.0,0,0.6,0
0.6,834,3.2,0,0.8,0
0.6,835,1.6,0,0.4,2
0.6,836,1.4,0,0.6,1
0.6,837,0.4,0,0.0,1
0.6,838,0.6,0,0.2,0
0.6,839,0.6,0,0.2,2
0.6,840,2.4,0,0.4,2
0.6,842,0.0,0,0.0,2
0.6,843,0.6,0,0.2,0
0.6,844,0.6,0,0.2,2
0.6,845,0.8,0,0.0,0
0.6,846,0.0,0,0.0,2
0.6,847,0.8,0,0.0,2
0.6,848,1.4,0,0.2,0
0.6,850,0.4,0,0.0,1
0.6,851,13.2,0,0.4,3
0.6,852,0.6,0,0.2,2
0.6,853,1.0,0,0.2,1
0.6,854,0.6,0,0.6,2
0.6,855,16.0,0,0.4,1
0.6,856,4.8,0,0.8,0
0.6,857,0.2,0,0.2,1
0.6,858,0.8,0,0.4,1
0.6,859,13.2,0,0.0,2
0.6,860,0.0,0,0.0,0
0.6,861,0.6,0,0.2,0
0.6,862,1.2,0,0.0,2
0.6,863,1.0,0,0.2,1
0.6,864,1.4,0,0.6,2
0.6,865,0.2,0,0.2,1
0.6,866,0.2,0,0.2,0
0.6,867,0.4,0,0.4,0
0.6,868,0.2,0,0.2,1
0.6,869,0.0,0,0.0,0
0.6,870,1.2,0,0.0,2
0.6,871,0.2,0,0.2,0
0.6,872,8.6,0,1.0,1
0.6,873,1.0,0,0.2,0
0.6,874,3.2,0,0.0,0
0.6,875,0.2,0,0.2,0
0.6,876,0.2,0,0.2,0
0.6,877,14.8,0,0.0,0
0.6,878,1.6,0,1.2,1
0.6,879,1.4,0,0.2,0
0.6,880,7.4,0,7.4,0
0.6,881,0.2,0,0.2,0
0.6,883,0.2,0,0.2,1
0.6,884,0.8,0,0.0,1
0.6,885,4.2,0,0.2,1
0.6,886,5.0,0,0.6,3
0.6,887,0.2,0,0.2,0
0.6,888,1.6,0,0.0,0
0.6,889,0.4,0,0.4,0
0.6,891,0.2,0,0.2,0
0.6,892,0.4,0,0.0,1
0.6,893,0.8,0,0.0,1
0.6,894,0.8,0,0.8,2
0.6,895,0.2,0,0.2,1
0.6,896,16.4,0,0.0,0
0.6,897,7.8,0,4.6,1
0.6,898,0.8,0,0.0,1
0.6,899,0.0,0,0.0,0
0.6,900,1.6,0,0.0,1
0.6,901,1.6,0,1.2,1
0.6,902,0.2,0,0.2,2
0.6,903,3.0,0,0.2,2
0.6,904,0.2,0,0.2,1
0.6,905,7.6,0,0.0,1
0.6,906,0.4,0,0.0,1
0.6,907,3.2,0,0.4,1
0.6,908,0.4,0,0.4,0
0.6,909,1.0,0,0.2,1
0.6,910,1.6,0,0.4,2
0.6,911,4.2,0,0.2,0
0.6,912,0.6,0,0.2,2
0.6,913,6.6,0,0.2,0
0.6,914,0.8,0,0.0,1
0.6,915,5.2,0,0.4,0
0.6,916,1.2,0,0.8,1
0.6,917,0.8,0,0.8,0
0.6,918,3.4,0,0.2,2
0.6,920,0.2,0,0.2,0
0.6,921,12.0,0,1.2,2
0.6,922,6.0,0,0.8,1
0.6,923,2.8,0,0.4,2
0.6,924,1.2,0,0.0,1
0.6,925,0.2,0,0.2,1
0.6,926,3.4,0,0.2,1
0.6,927,0.6,0,0.2,1
0.6,928,6.6,0,1.0,2
0.6,929,6.4,0,0.4,1
0.6,930,0.4,0,0.4,0
0.6,931,0.2,0,0.2,2
0.6,932,0.2,0,0.2,1
0.6,933,1.2,0,0.0,1
0.6,934,0.0,0,0.0,1
0.6,935,0.8,0,0.4,1
0.6,936,0.8,0,0.8,1
0.6,937,2.0,0,0.0,1
0.6,938,5.0,0,0.2,3
0.6,939,3.6,0,0.0,1
0.6,940,1.4,0,0.2,0
0.6,941,1.0,0,0.6,1
0.6,942,0.4,0,0.4,0
0.6,944,2.2,0,0.2,1
0.6,945,0.6,0,0.6,1
0.6,947,4.4,0,0.8,0
0.6,948,13.0,0,0.2,2
0.6,949,1.6,0,0.8,1
0.6,950,6.4,0,0.0,1
0.6,951,8.4,0,0.4,0
0.6,952,0.4,0,0.4,1
0.6,953,0.6,0,0.2,1
0.6,954,0.4,0,0.0,1
0.6,955,2.2,0,0.2,0
0.6,956,2.8,0,0.4,1
0.6,957,1.8,0,1.4,2
0.6,958,9.2,0,0.0,3
0.6,959,4.6,0,0.2,1
0.6,960,2.6,0,0.2,0
0.6,961,0.2,0,0.2,2
0.6,962,5.4,0,0.2,0
0.6,963,5.0,0,0.2,1
0.6,964,1.6,0,0.0,1
0.6,965,1.8,0,0.2,2
0.6,966,4.0,0,0.0,1
0.6,967,0.4,0,0.4,0
0.6,968,9.6,0,0.4,1
0.6,969,1.0,0,0.6,2
0.6,970,1.0,0,0.2,2
0.6,971,0.8,0,0.4,1
0.6,972,1.2,0,0.0,1
0.6,973,2.0,0,0.4,2
0.6,974,3.0,0,0.2,1
0.6,975,0.4,0,0.4,0
0.6,976,1.0,0,0.2,2
0.6,977,0.8,0,0.0,1
0.6,978,2.2,0,0.2,1
0.6,979,3.2,0,0.0,1
0.6,980,1.0,0,0.2,2
0.6,981,3.2,0,0.0,1
0.6,982,2.0,0,0.4,2
0.6,983,10.2,0,0.2,3
0.6,984,0.2,0,0.2,0
0.6,985,6.8,0,0.4,2
0.6,986,2.0,0,0.4,1
0.6,987,6.6,0,0.6,2
0.6,988,1.4,0,0.2,0
0.6,989,0.2,0,0.2,0
0.6,990,4.6,0,0.2,2
0.6,991,3.6,0,0.0,1
0.6,992,0.2,0,0.2,0
0.6,993,4.8,0,0.0,2
0.6,994,1.6,0,0.0,1
0.6,995,0.0,0,0.0,0
0.6,996,2.6,0,0.2,0
0.6,997,0.4,0,0.4,3
0.6,998,0.8,0,0.0,1
0.6,999,6.0,0,0.4,3
0.7,0,2.8,0,0.4,3
0.7,1,2.4,0,0.0,0
0.7,2,0.2,0,0.2,1
0.7,3,6.8,0,0.8,1
0.7,5,3.0,0,0.2,1
0.7,6,0.8,0,0.4,0
0.7,8,1.2,0,0.0,3
0.7,9,0.8,0,0.4,1
0.7,10,3.6,0,0.4,1
0.7,11,0.4,0,0.4,2
0.7,12,0.2,0,0.2,3
0.7,13,1.6,0,0.4,1
0.7,14,1.2,0,0.4,2
0.7,15,0.8,0,0.4,2
0.7,16,1.2,0,0.0,1
0.7,17,0.6,0,0.2,1
0.7,18,3.4,0,0.2,1
0.7,19,0.6,0,0.2,1
0.7,20,2.2,0,1.0,0
0.7,21,2.8,0,0.0,2
0.7,22,1.2,0,0.4,1
0.7,23,13.0,0,0.2,0
0.7,24,2.2,0,0.2,1
0.7,26,0.8,0,0.0,1
0.7,27,4.2,0,0.2,1
0.7,29,2.8,0,0.0,1
0.7,30,0.0,0,0.0,0
0.7,32,1.4,0,0.6,2
0.7,33,1.2,0,0.8,1
0.7,35,1.6,0,0.0,1
0.7,36,3.2,0,0.4,2
0.7,37,5.4,0,0.2,1
0.7,38,0.4,0,0.4,2
0.7,39,0.6,0,0.2,1
0.7,40,0.6,0,0.2,1
0.7,42,1.0,0,0.2,1
0.7,43,1.8,0,0.2,2
0.7,44,5.8,0,0.2,2
0.7,45,0.0,0,0.0,0
0.7,46,0.4,0,0.4,1
0.7,47,0.2,0,0.2,0
0.7,48,1.4,0,0.2,2
0.7,49,0.4,0,0.0,0
0.7,50,1.0,0,0.2,1
0.7,53,0.4,0,0.4,1
0.7,54,6.4,0,0.0,3
0.7,55,0.6,0,0.6,1
0.7,57,10.2,0,0.2,1
0.7,59,2.0,0,0.4,1
0.7,60,2.0,0,0.8,1
0.7,62,3.0,0,0.2,3
0.7,64,0.6,0,0.2,0
0.7,66,2.2,0,0.2,3
0.7,68,1.0,0,0.2,1
0.7,69,1.8,0,0.6,1
0.7,71,3.6,0,0.0,3
0.7,72,2.2,0,0.2,3
0.7,73,1.2,0,1.2,0
0.7,74,0.8,0,0.4,1
0.7,75,0.6,0,0.6,2
0.7,76,11.2,0,0.8,1
0.7,77,0.0,0,0.0,1
0.7,78,3.8,0,0.2,1
0.7,79,0.6,0,0.2,1
0.7,80,2.0,0,1.6,2
0.7,81,0.4,0,0.0,1
0.7,82,1.2,0,0.0,2
0.7,83,3.6,0,0.4,0
0.7,84,1.0,0,0.2,2
0.7,89,2.4,0,0.4,2
0.7,90,0.4,0,0.4,0
0.7,91,8.0,0,0.0,1
0.7,92,2.6,0,0.2,1
0.7,93,1.6,0,0.0,0
0.7,95,0.4,0,0.4,0
0.7,96,1.6,0,0.4,0
0.7,97,3.0,0,0.2,2
0.7,98,1.0,0,1.0,0
0.7,99,0.8,0,0.8,0
0.7,104,12.2,0,0.2,2
0.7,105,1.0,0,0.2,1
0.7,106,2.2,0,0.6,1
0.7,108,1.8,0,0.6,1
0.7,109,0.2,0,0.2,0
0.7,110,3.4,0,0.2,2
0.7,111,0.0,0,0.0,1
0.7,112,14.8,0,0.8,1
0.7,113,3.0,0,0.6,2
0.7,114,2.0,0,0.0,2
0.7,115,0.2,0,0.2,2
0.7,116,2.0,0,0.4,2
0.7,117,1.8,0,0.2,2
0.7,118,0.0,0,0.0,0
0.7,119,8.6,0,1.0,1
0.7,120,0.0,0,0.0,0
0.7,121,0.4,0,0.4,1
0.7,122,2.2,0,0.2,1
0.7,123,2.6,0,0.2,2
0.7,124,5.6,0,0.4,0
0.7,125,4.2,0,0.2,1
0.7,126,1.8,0,0.2,1
0.7,127,0.0,0,0.0,0
0.7,129,3.6,0,0.0,1
0.7,131,4.0,0,0.0,0
0.7,132,0.6,0,0.2,2
0.7,133,2.4,0,0.0,0
0.7,134,0.6,0,0.6,1
0.7,136,13.0,0,0.2,1
0.7,137,2.0,0,0.0,1
0.7,138,3.8,0,0.6,2
0.7,140,7.4,0,0.2,1
0.7,141,5.0,0,1.0,1
0.7,142,5.2,0,0.0,1
0.7,143,4.2,0,0.2,1
0.7,145,4.6,0,0.2,2
0.7,146,0.2,0,0.2,0
0.7,148,1.8,0,0.6,1
0.7,149,1.0,0,1.0,1
0.7,150,0.6,0,0.2,2
0.7,152,12.0,0,0.8,2
0.7,154,4.4,0,1.2,0
0.7,155,5.4,0,0.6,1
0.7,157,2.0,0,0.8,1
0.7,158,0.6,0,0.2,1
0.7,161,1.4,0,0.2,2
0.7,162,3.6,0,0.4,0
0.7,163,1.8,0,0.2,1
0.7,164,1.0,0,0.6,0
0.7,166,4.0,0,1.6,2
0.7,168,2.8,0,0.0,1
0.7,169,0.6,0,0.2,1
0.7,170,6.8,0,0.4,1
0.7,172,4.6,0,0.2,2
0.7,173,0.2,0,0.2,1
0.7,174,0.6,0,0.2,2
0.7,175,2.8,0,0.4,0
0.7,176,1.0,0,0.6,1
0.7,177,1.4,0,1.4,1
0.7,182,0.2,0,0.2,1
0.7,184,3.8,0,0.2,1
0.7,186,0.4,0,0.4,2
0.7,187,0.4,0,0.0,2
0.7,189,2.0,0,0.0,1
0.7,191,2.8,0,0.4,1
0.7,193,1.6,0,1.6,0
0.7,194,3.8,0,0.2,0
0.7,195,0.6,0,0.6,0
0.7,198,0.8,0,0.0,2
0.7,199,12.6,0,0.2,2
0.7,200,2.0,0,1.2,1
0.7,201,0.4,0,0.0,1
0.7,202,0.8,0,0.4,0
0.7,203,11.8,0,0.2,1
0.7,204,0.2,0,0.2,1
0.7,205,7.6,0,0.0,1
0.7,206,3.0,0,0.2,2
0.7,208,0.4,0,0.4,3
0.7,209,2.0,0,0.4,0
0.7,210,0.8,0,0.0,2
0.7,211,0.6,0,0.2,0
0.7,212,1.4,0,0.2,1
0.7,214,2.0,0,0.0,1
0.7,219,1.2,0,0.4,1
0.7,220,2.0,0,0.4,0
0.7,221,2.0,0,0.0,1
0.7,222,2.8,0,2.0,1
0.7,223,0.2,0,0.2,0
0.7,225,0.4,0,0.4,0
0.7,226,0.2,0,0.2,0
0.7,227,1.2,0,0.4,0
0.7,228,3.6,0,0.0,2
0.7,230,0.8,0,0.0,2
0.7,231,0.4,0,0.4,0
0.7,232,0.2,0,0.2,0
0.7,234,8.8,0,0.0,2
0.7,235,0.2,0,0.2,1
0.7,237,13.0,0,3.0,2
0.7,238,0.8,0,0.0,0
0.7,239,1.6,0,0.4,2
0.7,240,2.8,0,0.0,1
0.7,241,2.6,0,0.2,1
0.7,243,0.8,0,0.0,2
0.7,244,0.6,0,0.2,2
0.7,245,0.6,0,0.6,2
0.7,247,1.4,0,0.6,0
0.7,248,0.6,0,0.2,1
0.7,250,2.2,0,0.2,1
0.7,251,0.0,0,0.0,0
0.7,252,0.8,0,0.0,1
0.7,253,2.2,0,0.2,0
0.7,254,2.2,0,0.6,0
0.7,255,1.0,0,0.6,2
0.7,256,0.0,0,0.0,0
0.7,257,0.2,0,0.2,1
0.7,258,1.2,0,0.8,1
0.7,262,1.8,0,0.2,1
0.7,264,4.2,0,0.2,2
0.7,265,0.2,0,0.2,0
0.7,266,2.6,0,0.2,1
0.7,268,1.2,0,0.0,1
0.7,269,18.6,0,0.6,1
0.7,271,0.0,0,0.0,1
0.7,273,1.6,0,0.0,3
0.7,274,1.4,0,0.6,1
0.7,276,5.4,0,0.2,1
0.7,278,0.8,0,0.4,1
0.7,279,0.0,0,0.0,0
0.7,280,5.0,0,1.0,2
0.7,281,2.2,0,0.2,1
0.7,282,8.2,0,0.2,2
0.7,283,0.0,0,0.0,1
0.7,284,2.0,0,0.4,1
0.7,286,0.0,0,0.0,0
0.7,287,0.4,0,0.4,0
0.7,288,2.2,0,0.2,0
0.7,289,0.2,0,0.2,3
0.7,290,3.8,0,0.2,0
0.7,291,3.4,0,0.6,2
0.7,292,0.4,0,0.0,1
0.7,294,1.4,0,0.2,2
0.7,295,4.2,0,0.6,1
0.7,297,2.0,0,0.0,2
0.7,298,0.2,0,0.2,0
0.7,299,8.4,0,0.4,1
0.7,300,8.2,0,0.2,2
0.7,301,1.6,0,0.4,0
0.7,302,0.6,0,0.2,0
0.7,304,2.4,0,0.0,1
0.7,306,2.2,0,0.2,1
0.7,307,1.0,0,0.2,2
0.7,309,0.4,0,0.4,1
0.7,312,0.6,0,0.2,1
0.7,313,4.6,0,0.2,1
0.7,314,0.8,0,0.0,2
0.7,315,0.4,0,0.4,0
0.7,316,2.0,0,0.4,1
0.7,317,0.6,0,0.2,0
0.7,318,4.0,0,0.0,2
0.7,319,0.2,0,0.2,0
0.7,320,0.6,0,0.6,2
0.7,321,5.6,0,0.8,1
0.7,323,0.8,0,0.0,1
0.7,326,1.2,0,0.0,0
0.7,327,0.2,0,0.2,1
0.7,329,5.6,0,0.0,2
0.7,333,0.6,0,0.2,1
0.7,334,0.0,0,0.0,0
0.7,336,0.0,0,0.0,0
0.7,337,0.2,0,0.2,1
0.7,338,0.4,0,0.4,1
0.7,339,2.4,0,0.0,2
0.7,340,3.2,0,3.2,0
0.7,341,0.2,0,0.2,0
0.7,342,0.2,0,0.2,0
0.7,343,10.6,0,2.6,1
0.7,344,0.6,0,0.2,1
0.7,345,11.4,0,0.2,1
0.7,346,0.4,0,0.4,1
0.7,347,0.4,0,0.0,2
0.7,348,0.2,0,0.2,0
0.7,349,2.0,0,1.2,1
0.7,350,1.2,0,0.4,2
0.7,351,0.4,0,0.4,1
0.7,354,10.4,0,2.0,1
0.7,355,2.4,0,0.0,2
0.7,357,0.8,0,0.0,1
0.7,358,0.2,0,0.2,2
0.7,360,1.6,0,0.0,1
0.7,361,0.2,0,0.2,1
0.7,362,1.2,0,0.0,2
0.7,363,0.6,0,0.2,1
0.7,364,2.2,0,0.2,2
0.7,365,0.2,0,0.2,1
0.7,367,0.2,0,0.2,0
0.7,369,0.0,0,0.0,1
0.7,370,1.0,0,0.2,0
0.7,371,1.8,0,0.6,1
0.7,372,0.2,0,0.2,0
0.7,373,26.8,0,0.4,0
0.7,376,0.8,0,0.0,1
0.7,378,1.0,0,0.2,2
0.7,379,0.4,0,0.0,2
0.7,380,0.0,0,0.0,0
0.7,381,0.4,0,0.0,1
0.7,382,2.6,0,0.2,0
0.7,384,2.4,0,0.4,2
0.7,385,1.4,0,0.2,2
0.7,386,5.2,0,0.4,2
0.7,388,0.6,0,0.2,3
0.7,389,15.6,0,7.2,0
0.7,390,0.8,0,0.0,2
0.7,391,3.0,0,0.2,1
0.7,393,1.4,0,0.2,1
0.7,394,1.6,0,1.6,0
0.7,395,3.0,0,0.2,1
0.7,396,1.0,0,0.2,0
0.7,397,0.8,0,0.4,2
0.7,399,0.4,0,0.4,0
0.7,400,2.8,0,0.4,0
0.7,404,2.8,0,0.0,2
0.7,405,1.4,0,0.2,2
0.7,406,11.8,0,10.2,1
0.7,407,0.4,0,0.0,2
0.7,408,0.2,0,0.2,0
0.7,409,1.2,0,0.4,0
0.7,410,3.4,0,0.2,1
0.7,411,1.4,0,0.2,0
0.7,412,1.0,0,0.2,2
0.7,414,0.0,0,0.0,0
0.7,417,2.4,0,0.4,1
0.7,418,0.4,0,0.4,0
0.7,419,1.2,0,0.0,2
0.7,420,1.8,0,0.2,1
0.7,421,0.0,0,0.0,1
0.7,422,3.6,0,0.0,2
0.7,423,2.2,0,0.6,1
0.7,424,0.4,0,0.4,0
0.7,426,1.6,0,0.0,2
0.7,428,4.2,0,0.2,1
0.7,429,2.6,0,0.2,3
0.7,430,0.2,0,0.2,2
0.7,431,0.8,0,0.0,1
0.7,432,1.8,0,0.2,3
0.7,433,1.2,0,0.0,3
0.7,434,2.0,0,0.0,1
0.7,435,1.8,0,0.2,2
0.7,437,0.4,0,0.0,2
0.7,440,3.2,0,0.4,2
0.7,441,1.0,0,0.2,1
0.7,443,0.4,0,0.0,2
0.7,446,0.8,0,0.0,2
0.7,447,2.6,0,0.2,1
0.7,448,1.4,0,0.6,2
0.7,450,0.8,0,0.8,0
0.7,451,5.8,0,0.2,1
0.7,452,1.0,0,0.2,0
0.7,453,10.8,0,0.0,3
0.7,454,0.2,0,0.2,0
0.7,455,1.4,0,0.6,2
0.7,456,0.0,0,0.0,0
0.7,457,0.6,0,0.2,1
0.7,460,0.2,0,0.2,0
0.7,461,0.4,0,0.0,0
0.7,462,0.0,0,0.0,0
0.7,463,0.4,0,0.0,2
0.7,464,1.2,0,0.0,1
0.7,465,1.6,0,0.4,2
0.7,466,6.4,0,1.2,2
0.7,467,3.4,0,0.2,1
0.7,468,0.6,0,0.6,0
0.7,469,1.2,0,0.0,0
0.7,470,1.6,0,0.0,1
0.7,471,0.8,0,0.0,2
0.7,472,1.0,0,0.2,2
0.7,473,5.2,0,3.2,1
0.7,474,1.4,0,0.2,1
0.7,475,0.6,0,0.2,1
0.7,476,0.8,0,0.8,1
0.7,480,1.0,0,0.2,1
0.7,483,2.2,0,0.6,0
0.7,484,1.2,0,0.0,2
0.7,486,3.4,0,0.2,2
0.7,487,3.0,0,0.2,0
0.7,488,1.4,0,0.2,1
0.7,489,0.4,0,0.4,0
0.7,492,1.0,0,0.6,2
0.7,493,2.0,0,0.4,3
0.7,495,0.0,0,0.0,1
0.7,496,0.6,0,0.2,1
0.7,497,2.2,0,0.2,2
0.7,498,0.6,0,0.2,1
0.7,500,0.2,0,0.2,1
0.7,501,0.6,0,0.6,0
0.7,502,0.2,0,0.2,1
0.7,503,3.4,0,0.6,2
0.7,506,2.6,0,0.6,2
0.7,508,8.0,0,0.4,1
0.7,509,1.8,0,0.2,2
0.7,510,1.8,0,0.2,2
0.7,512,0.2,0,0.2,0
0.7,513,1.2,0,0.4,1
0.7,514,2.0,0,0.4,2
0.7,515,0.2,0,0.2,0
0.7,516,1.4,0,0.2,2
0.7,517,1.6,0,0.4,0
0.7,518,1.0,0,0.2,1
0.7,521,0.2,0,0.2,1
0.7,522,5.4,0,3.0,1
0.7,523,0.4,0,0.4,2
0.7,524,7.6,0,0.0,0
0.7,525,8.2,0,0.2,2
0.7,526,3.0,0,0.2,1
0.7,527,2.4,0,0.4,1
0.7,528,2.2,0,0.6,1
0.7,529,2.6,0,0.2,1
0.7,530,1.8,0,0.2,1
0.7,531,0.2,0,0.2,1
0.7,533,1.2,0,0.4,0
0.7,534,2.2,0,0.2,1
0.7,535,1.2,0,0.0,0
0.7,536,5.0,0,0.2,1
0.7,537,8.4,0,0.4,2
0.7,538,3.6,0,2.4,1
0.7,540,1.2,0,0.0,1
0.7,541,0.4,0,0.0,1
0.7,542,4.8,0,0.4,1
0.7,543,1.2,0,0.0,1
0.7,544,1.2,0,0.4,1
0.7,545,1.2,0,0.4,3
0.7,546,0.0,0,0.0,0
0.7,547,2.2,0,0.2,1
0.7,549,0.4,0,0.0,1
0.7,550,2.0,0,0.0,1
0.7,551,1.6,0,0.0,1
0.7,552,1.0,0,0.2,2
0.7,555,2.8,0,1.2,1
0.7,556,0.2,0,0.2,2
0.7,557,1.0,0,0.2,2
0.7,558,1.0,0,0.2,2
0.7,559,0.2,0,0.2,2
0.7,560,0.6,0,0.2,2
0.7,561,0.6,0,0.2,1
0.7,562,1.0,0,0.6,1
0.7,563,0.6,0,0.2,1
0.7,564,2.2,0,0.2,0
0.7,565,1.2,0,0.0,2
0.7,566,10.8,0,2.4,2
0.7,567,2.2,0,0.6,1
0.7,568,1.6,0,0.0,3
0.7,570,2.0,0,0.0,3
0.7,571,6.0,0,0.0,1
0.7,572,2.0,0,0.4,0
0.7,574,1.4,0,1.0,2
0.7,575,0.2,0,0.2,0
0.7,576,0.4,0,0.4,0
0.7,577,3.6,0,0.0,1
0.7,578,0.6,0,0.2,0
0.7,579,3.4,0,0.2,2
0.7,580,8.2,0,0.6,3
0.7,584,2.8,0,1.6,2
0.7,585,0.2,0,0.2,0
0.7,587,0.6,0,0.2,0
0.7,588,2.4,0,0.0,1
0.7,589,1.4,0,1.0,0
0.7,591,1.0,0,0.2,1
0.7,592,1.4,0,0.2,1
0.7,593,1.6,0,0.0,1
0.7,596,2.2,0,0.2,0
0.7,597,0.2,0,0.2,0
0.7,598,3.0,0,0.6,2
0.7,599,0.6,0,0.6,0
0.7,601,4.4,0,0.4,1
0.7,602,4.6,0,0.6,2
0.7,603,1.0,0,0.2,3
0.7,604,0.2,0,0.2,0
0.7,605,4.2,0,0.2,2
0.7,607,3.0,0,0.6,1
0.7,609,0.8,0,0.0,1
0.7,610,0.2,0,0.2,0
0.7,611,2.8,0,0.0,2
0.7,612,0.0,0,0.0,2
0.7,613,2.6,0,0.6,0
0.7,616,0.0,0,0.0,0
0.7,617,0.6,0,0.6,1
0.7,618,8.6,0,0.2,1
0.7,619,0.8,0,0.4,1
0.7,621,1.0,0,0.2,1
0.7,622,3.2,0,0.4,2
0.7,623,5.8,0,0.6,1
0.7,624,0.0,0,0.0,2
0.7,625,0.0,0,0.0,0
0.7,626,1.6,0,0.0,2
0.7,627,0.4,0,0.4,2
0.7,628,0.2,0,0.2,0
0.7,630,3.4,0,0.2,1
0.7,631,0.6,0,0.2,2
0.7,632,0.2,0,0.2,0
0.7,633,16.4,0,0.4,1
0.7,636,1.0,0,0.6,1
0.7,637,1.4,0,0.2,1
0.7,638,1.2,0,0.0,3
0.7,639,4.8,0,0.0,1
0.7,640,0.0,0,0.0,0
0.7,641,3.2,0,0.8,2
0.7,642,7.4,0,0.2,1
0.7,643,3.4,0,0.2,2
0.7,644,1.0,0,0.2,0
0.7,645,0.6,0,0.2,2
0.7,646,7.4,0,1.4,1
0.7,647,1.8,0,0.2,2
0.7,648,1.4,0,0.2,2
0.7,649,6.6,0,0.6,2
0.7,651,1.8,0,0.2,1
0.7,652,5.0,0,0.2,1
0.7,654,1.2,0,0.4,2
0.7,655,1.2,0,0.0,0
0.7,656,1.6,0,0.4,2
0.7,657,1.4,0,0.2,1
0.7,658,4.2,0,0.2,1
0.7,659,3.4,0,0.2,2
0.7,660,2.0,0,0.4,2
0.7,661,4.0,0,0.0,1
0.7,662,1.4,0,0.2,2
0.7,663,0.2,0,0.2,0
0.7,665,0.0,0,0.0,0
0.7,668,0.4,0,0.0,0
0.7,670,3.0,0,0.2,2
0.7,671,1.8,0,0.2,1
0.7,672,1.0,0,0.2,1
0.7,673,1.6,0,0.0,2
0.7,674,4.0,0,0.4,2
0.7,675,0.2,0,0.2,1
0.7,677,0.8,0,0.4,2
0.7,678,2.8,0,0.4,2
0.7,681,0.4,0,0.0,1
0.7,683,4.0,0,0.4,1
0.7,684,0.2,0,0.2,0
0.7,685,8.2,0,1.0,3
0.7,686,0.0,0,0.0,1
0.7,688,1.4,0,0.6,1
0.7,690,16.6,0,0.2,3
0.7,691,7.2,0,0.4,1
0.7,693,1.2,0,0.4,1
0.7,694,0.8,0,0.4,0
0.7,695,2.8,0,0.0,2
0.7,696,3.6,0,0.0,0
0.7,697,0.0,0,0.0,0
0.7,698,0.2,0,0.2,3
0.7,700,1.0,0,0.2,2
0.7,701,0.2,0,0.2,0
0.7,702,1.8,0,1.4,2
0.7,703,1.0,0,0.6,1
0.7,705,1.2,0,0.0,0
0.7,708,0.0,0,0.0,0
0.7,711,1.2,0,0.0,2
0.7,713,1.6,0,0.4,2
0.7,715,1.0,0,0.2,1
0.7,716,7.2,0,0.0,4
0.7,717,0.6,0,0.2,2
0.7,718,0.4,0,0.0,1
0.7,719,8.0,0,0.8,1
0.7,720,2.4,0,0.0,2
0.7,722,8.4,0,0.0,1
0.7,723,4.6,0,0.2,1
0.7,725,2.2,0,0.2,1
0.7,726,2.2,0,0.6,1
0.7,727,0.2,0,0.2,0
0.7,728,2.4,0,1.6,0
0.7,729,2.6,0,1.4,0
0.7,730,0.8,0,0.0,1
0.7,732,2.4,0,0.4,2
0.7,734,3.4,0,0.6,2
0.7,735,0.4,0,0.4,2
0.7,736,1.0,0,0.2,0
0.7,737,0.0,0,0.0,1
0.7,738,0.6,0,0.6,0
0.7,739,4.0,0,0.4,2
0.7,740,1.2,0,0.0,3
0.7,741,4.4,0,1.2,1
0.7,743,1.2,0,0.0,1
0.7,744,0.6,0,0.2,1
0.7,746,6.4,0,0.4,1
0.7,747,6.8,0,0.0,3
0.7,748,0.8,0,0.0,1
0.7,749,4.4,0,0.4,2
0.7,750,6.8,0,0.4,1
0.7,751,4.8,0,0.4,1
0.7,752,0.6,0,0.2,1
0.7,754,2.4,0,0.0,2
0.7,755,0.0,0,0.0,1
0.7,756,0.6,0,0.6,0
0.7,758,1.6,0,0.0,0
0.7,759,2.8,0,0.4,2
0.7,760,1.4,0,0.6,1
0.7,761,0.0,0,0.0,1
0.7,762,2.8,0,0.0,1
0.7,764,0.2,0,0.2,2
0.7,765,5.2,0,0.4,2
0.7,766,1.2,0,0.4,2
0.7,768,0.8,0,0.0,0
0.7,769,2.0,0,0.4,0
0.7,770,2.6,0,0.2,1
0.7,771,9.0,0,0.2,1
0.7,772,0.4,0,0.0,1
0.7,773,0.0,0,0.0,2
0.7,775,1.6,0,0.4,1
0.7,776,0.0,0,0.0,1
0.7,778,0.0,0,0.0,0
0.7,779,13.8,0,0.6,1
0.7,780,3.4,0,0.2,2
0.7,781,3.4,0,0.2,1
0.7,782,4.0,0,0.4,2
0.7,783,3.6,0,0.0,1
0.7,784,1.2,0,0.0,3
0.7,785,2.4,0,1.2,1
0.7,786,0.6,0,0.2,0
0.7,789,0.6,0,0.2,1
0.7,790,0.2,0,0.2,0
0.7,791,0.8,0,0.0,2
0.7,792,0.6,0,0.2,1
0.7,793,0.4,0,0.0,0
0.7,794,0.4,0,0.0,0
0.7,795,0.6,0,0.2,3
0.7,800,0.8,0,0.0,0
0.7,801,0.6,0,0.2,1
0.7,804,0.6,0,0.2,2
0.7,805,1.6,0,0.4,1
0.7,806,1.2,0,0.4,3
0.7,807,1.0,0,0.2,1
0.7,809,0.2,0,0.2,0
0.7,811,0.6,0,0.2,1
0.7,813,0.8,0,0.8,1
0.7,816,0.6,0,0.6,1
0.7,817,0.4,0,0.0,2
0.7,820,0.2,0,0.2,1
0.7,821,2.0,0,0.4,1
0.7,822,5.6,0,0.0,2
0.7,823,0.4,0,0.4,2
0.7,824,0.6,0,0.2,1
0.7,826,1.4,0,0.2,0
0.7,827,1.0,0,0.6,2
0.7,828,1.6,0,0.0,2
0.7,829,0.6,0,0.2,1
0.7,830,7.2,0,0.0,1
0.7,831,1.0,0,0.6,1
0.7,833,4.2,0,0.6,0
0.7,834,1.2,0,0.0,2
0.7,835,5.8,0,0.2,3
0.7,836,1.2,0,0.4,1
0.7,837,2.4,0,0.4,1
0.7,838,0.4,0,0.0,1
0.7,839,0.0,0,0.0,2
0.7,840,0.4,0,0.0,1
0.7,842,0.6,0,0.6,0
0.7,843,7.0,0,0.2,1
0.7,844,1.6,0,0.4,1
0.7,845,0.0,0,0.0,0
0.7,847,1.8,0,0.2,1
0.7,848,1.2,0,0.8,0
0.7,849,1.2,0,0.4,1
0.7,850,10.8,0,1.2,0
0.7,851,4.4,0,0.0,0
0.7,852,0.6,0,0.6,3
0.7,853,5.4,0,0.2,2
0.7,859,1.8,0,0.2,3
0.7,860,0.6,0,0.2,2
0.7,861,0.0,0,0.0,2
0.7,862,0.8,0,0.0,2
0.7,863,1.4,0,0.2,2
0.7,866,0.4,0,0.0,1
0.7,869,0.2,0,0.2,0
0.7,870,0.8,0,0.0,1
0.7,871,0.0,0,0.0,0
0.7,873,0.4,0,0.4,0
0.7,874,2.4,0,0.0,2
0.7,875,1.8,0,0.2,2
0.7,876,3.2,0,0.8,1
0.7,877,0.6,0,0.6,1
0.7,878,0.2,0,0.2,1
0.7,879,0.8,0,0.0,2
0.7,880,2.2,0,0.2,2
0.7,881,7.4,0,7.4,0
0.7,882,0.8,0,0.4,2
0.7,886,2.0,0,0.0,2
0.7,887,0.0,0,0.0,1
0.7,888,13.0,0,0.2,2
0.7,889,8.2,0,0.2,2
0.7,891,0.2,0,0.2,1
0.7,892,1.0,0,0.2,2
0.7,893,7.8,0,0.2,2
0.7,895,0.0,0,0.0,0
0.7,896,0.6,0,0.2,1
0.7,898,0.6,0,0.2,3
0.7,899,0.6,0,0.2,1
0.7,900,0.6,0,0.2,1
0.7,901,0.0,0,0.0,1
0.7,902,8.8,0,0.4,0
0.7,903,1.6,0,0.0,2
0.7,904,0.2,0,0.2,0
0.7,905,0.6,0,0.2,1
0.7,906,8.6,0,5.4,1
0.7,907,2.6,0,0.2,1
0.7,908,3.8,0,0.2,1
0.7,909,0.0,0,0.0,0
0.7,910,0.4,0,0.4,0
0.7,913,6.0,0,1.2,1
0.7,914,0.0,0,0.0,1
0.7,915,1.4,0,0.2,1
0.7,916,1.2,0,0.8,0
0.7,917,0.2,0,0.2,0
0.7,918,1.4,0,0.2,1
0.7,919,0.0,0,0.0,0
0.7,920,0.6,0,0.6,3
0.7,921,2.6,0,0.2,2
0.7,923,1.0,0,0.2,1
0.7,924,0.4,0,0.0,2
0.7,925,5.0,0,0.6,1
0.7,926,0.2,0,0.2,0
0.7,927,0.6,0,0.2,2
0.7,929,2.0,0,0.0,1
0.7,932,2.8,0,1.2,0
0.7,933,0.2,0,0.2,0
0.7,934,0.8,0,0.4,1
0.7,935,0.8,0,0.4,0
0.7,937,2.4,0,0.0,2
0.7,938,3.2,0,0.0,1
0.7,939,2.2,0,0.2,1
0.7,940,1.0,0,0.6,2
0.7,941,1.8,0,0.6,1
0.7,942,0.8,0,0.4,2
0.7,943,2.4,0,0.0,1
0.7,944,0.2,0,0.2,2
0.7,945,2.4,0,0.4,2
0.7,946,4.6,0,0.2,2
0.7,947,1.0,0,0.6,1
0.7,948,0.4,0,0.4,0
0.7,949,0.4,0,0.4,0
0.7,950,0.8,0,0.4,1
0.7,951,3.6,0,0.0,1
0.7,952,4.8,0,4.4,2
0.7,953,2.2,0,0.2,0
0.7,954,0.8,0,0.0,1
0.7,955,1.0,0,0.2,1
0.7,956,0.6,0,0.2,3
0.7,958,0.0,0,0.0,0
0.7,961,3.6,0,2.4,1
0.7,962,1.0,0,0.2,1
0.7,963,1.0,0,0.2,2
0.7,966,0.6,0,0.2,1
0.7,967,0.4,0,0.4,0
0.7,968,1.0,0,0.2,1
0.7,969,0.4,0,0.4,0
0.7,970,0.4,0,0.0,1
0.7,975,0.8,0,0.0,1
0.7,977,0.6,0,0.6,1
0.7,979,1.8,0,0.2,2
0.7,980,2.4,0,0.4,1
0.7,981,2.8,0,1.2,2
0.7,982,0.8,0,0.0,0
0.7,984,2.6,0,0.2,2
0.7,985,6.2,0,0.2,0
0.7,986,2.0,0,0.0,2
0.7,988,0.2,0,0.2,0
0.7,989,0.4,0,0.4,1
0.7,990,0.4,0,0.0,1
0.7,993,3.6,0,0.0,2
0.7,994,1.2,0,0.0,1
0.7,995,1.4,0,0.2,1
0.7,996,1.2,0,0.0,1
0.7,997,21.4,0,0.2,2
0.7,998,1.4,0,0.6,2
0.7,999,5.2,0,0.8,3
